TimesH,Frame,NoMissing,1,1,2,2,3,3,4,4,5,5,6,6,7,7,8,8,9,9,10,10,11,11,12,12,13,13,14,14,15,15,16,16,17,17,18,18,19,19,20,20,21,21,22,22,23,23,24,24,25,25,26,26,27,27,28,28,29,29,30,30,31,31,32,32,33,33,34,34,35,35,36,36,37,37,38,38,39,39,40,40,41,41,42,42,43,43,44,44,45,45,46,46,47,47,48,48,49,49,50,50,51,51,52,52,53,53,54,54,55,55,56,56,57,57,58,58,59,59,60,60,61,61,62,62,63,63,64,64,65,65,66,66,67,67,68,68,69,69,70,70,71,71,72,72,73,73,74,74,75,75,76,76,77,77,78,78,79,79,80,80,81,81,82,82,83,83,84,84,85,85,86,86,87,87,88,88,89,89,90,90,91,91,92,92,93,93,94,94,95,95,96,96
,,Place_Cursor,X,Y,X,Y,X,Y,X,Y,X,Y,X,Y,X,Y,X,Y,X,Y,X,Y,X,Y,X,Y,X,Y,X,Y,X,Y,X,Y,X,Y,Y,X,Y,X,Y,X,Y,X,Y,X,Y,X,Y,X,Y,X,Y,X,Y,X,Y,X,Y,X,Y,X,Y,X,Y,X,Y,X,Y,Y,X,Y,X,Y,X,Y,X,Y,X,Y,X,Y,X,Y,X,Y,X,Y,X,Y,X,Y,X,Y,X,Y,X,Y,X,Y,X,Y,Y,X,Y,X,Y,X,Y,X,Y,X,Y,X,Y,X,Y,X,Y,X,Y,X,Y,X,Y,X,Y,X,Y,X,Y,X,Y,X,Y,Y,X,Y,X,Y,X,Y,X,Y,X,Y,X,Y,X,Y,X,Y,X,Y,X,Y,X,Y,X,Y,X,Y,X,Y,X,Y,X,Y,Y,X,Y,X,Y,X,Y,X,Y,X,Y,X,Y,X,Y,X,Y,X,Y,X,Y,X,Y,X,Y,X
0,0,,1,8,1,7,1,6,1,5,1,4,1,3,1,2,1,1,2,8,2,7,2,6,2,5,2,4,2,3,2,2,2,1,3,8,3,7,3,6,3,5,3,4,3,3,3,2,3,1,4,8,4,7,4,6,4,5,4,4,4,3,4,2,4,1,5,8,5,7,5,6,5,5,5,4,5,3,5,2,5,1,6,8,6,7,6,6,6,5,6,4,6,3,6,2,6,1,7,8,7,7,7,6,7,5,7,4,7,3,7,2,7,1,8,8,8,7,8,6,8,5,8,4,8,3,8,2,8,1,9,8,9,7,9,6,9,5,9,4,9,3,9,2,9,1,10,8,10,7,10,6,10,5,10,4,10,3,10,2,10,1,11,8,11,7,11,6,11,5,11,4,11,3,11,2,11,1,12,8,12,7,12,6,12,5,12,4,12,3,12,2,12,1
1,1,,1,8,1,7,1,6,1,5,1,4,1,3,1,2,1,1,2,8,2,7,2,6,2,5,2,4,2,3,2,2,2,1,3,8,3,7,3,6,3,5,3,4,3,3,3,2,3,1,4,8,4,7,4,6,4,5,4,4,4,3,4,2,4,1,5,8,5,7,5,6,5,5,5,4,5,3,5,2,5,1,6,8,6,7,6,6,6,5,6,4,6,3,6,2,6,1,7,8,7,7,7,6,7,5,7,4,7,3,7,2,7,1,8,8,8,7,8,6,8,5,8,4,8,3,8,2,8,1,9,8,9,7,9,6,9,5,9,4,9,3,9,2,9,1,10,8,10,7,10,6,10,5,10,4,10,3,10,2,10,1,11,8,11,7,11,6,11,5,11,4,11,3,11,2,11,1,12,8,12,7,12,6,12,5,12,4,12,3,12,2,12,1
2,2,,1,8,1,7,1,6,1,5,1,4,1,3,1,2,1,1,2,8,2,7,2,6,2,5,2,4,2,3,2,2,2,1,3,8,3,7,3,6,3,5,3,4,3,3,3,2,3,1,4,8,4,7,4,6,4,5,4,4,4,3,4,2,4,1,5,8,5,7,5,6,5,5,5,4,5,3,5,2,5,1,6,8,6,7,6,6,6,5,6,4,6,3,6,2,6,1,7,8,7,7,7,6,7,5,7,4,7,3,7,2,7,1,8,8,8,7,8,6,8,5,8,4,8,3,8,2,8,1,9,8,9,7,9,6,9,5,9,4,9,3,9,2,9,1,10,8,10,7,10,6,10,5,10,4,10,3,10,2,10,1,11,8,11,7,11,6,11,5,11,4,11,3,11,2,11,1,12,8,12,7,12,6,12,5,12,4,12,3,12,2,12,1
3,3,,1,8,1,7,1,6,1,5,1,4,1,3,1,2,1,1,2,8,2,7,2,6,2,5,2,4,2,3,2,2,2,1,3,8,3,7,3,6,3,5,3,4,3,3,3,2,3,1,4,8,4,7,4,6,4,5,4,4,4,3,4,2,4,1,5,8,5,7,5,6,5,5,5,4,5,3,5,2,5,1,6,8,6,7,6,6,6,5,6,4,6,3,6,2,6,1,7,8,7,7,7,6,7,5,7,4,7,3,7,2,7,1,8,8,8,7,8,6,8,5,8,4,8,3,8,2,8,1,9,8,9,7,9,6,9,5,9,4,9,3,9,2,9,1,10,8,10,7,10,6,10,5,10,4,10,3,10,2,10,1,11,8,11,7,11,6,11,5,11,4,11,3,11,2,11,1,12,8,12,7,12,6,12,5,12,4,12,3,12,2,12,1
4,4,,1,8,1,7,1,6,1,5,1,4,1,3,1,2,1,1,2,8,2,7,2,6,2,5,2,4,2,3,2,2,2,1,3,8,3,7,3,6,3,5,3,4,3,3,3,2,3,1,4,8,4,7,4,6,4,5,4,4,4,3,4,2,4,1,5,8,5,7,5,6,5,5,5,4,5,3,5,2,5,1,6,8,6,7,6,6,6,5,6,4,6,3,6,2,6,1,7,8,7,7,7,6,7,5,7,4,7,3,7,2,7,1,8,8,8,7,8,6,8,5,8,4,8,3,8,2,8,1,9,8,9,7,9,6,9,5,9,4,9,3,9,2,9,1,10,8,10,7,10,6,10,5,10,4,10,3,10,2,10,1,11,8,11,7,11,6,11,5,11,4,11,3,11,2,11,1,12,8,12,7,12,6,12,5,12,4,12,3,12,2,12,1
5,5,,1,8,1,7,1,6,1,5,1,4,1,3,1,2,1,1,2,8,2,7,2,6,2,5,2,4,2,3,2,2,2,1,3,8,3,7,3,6,3,5,3,4,3,3,3,2,3,1,4,8,4,7,4,6,4,5,4,4,4,3,4,2,4,1,5,8,5,7,5,6,5,5,5,4,5,3,5,2,5,1,6,8,6,7,6,6,6,5,6,4,6,3,6,2,6,1,7,8,7,7,7,6,7,5,7,4,7,3,7,2,7,1,8,8,8,7,8,6,8,5,8,4,8,3,8,2,8,1,9,8,9,7,9,6,9,5,9,4,9,3,9,2,9,1,10,8,10,7,10,6,10,5,10,4,10,3,10,2,10,1,11,8,11,7,11,6,11,5,11,4,11,3,11,2,11,1,12,8,12,7,12,6,12,5,12,4,12,3,12,2,12,1
6,6,,1,8,1,7,1,6,1,5,1,4,1,3,1,2,1,1,2,8,2,7,2,6,2,5,2,4,2,3,2,2,2,1,3,8,3,7,3,6,3,5,3,4,3,3,3,2,3,1,4,8,4,7,4,6,4,5,4,4,4,3,4,2,4,1,5,8,5,7,5,6,5,5,5,4,5,3,5,2,5,1,6,8,6,7,6,6,6,5,6,4,6,3,6,2,6,1,7,8,7,7,7,6,7,5,7,4,7,3,7,2,7,1,8,8,8,7,8,6,8,5,8,4,8,3,8,2,8,1,9,8,9,7,9,6,9,5,9,4,9,3,9,2,9,1,10,8,10,7,10,6,10,5,10,4,10,3,10,2,10,1,11,8,11,7,11,6,11,5,11,4,11,3,11,2,11,1,12,8,12,7,12,6,12,5,12,4,12,3,12,2,12,1
7,7,,1,8,1,7,1,6,1,5,1,4,1,3,1,2,1,1,2,8,2,7,2,6,2,5,2,4,2,3,2,2,2,1,3,8,3,7,3,6,3,5,3,4,3,3,3,2,3,1,4,8,4,7,4,6,4,5,4,4,4,3,4,2,4,1,5,8,5,7,5,6,5,5,5,4,5,3,5,2,5,1,6,8,6,7,6,6,6,5,6,4,6,3,6,2,6,1,7,8,7,7,7,6,7,5,7,4,7,3,7,2,7,1,8,8,8,7,8,6,8,5,8,4,8,3,8,2,8,1,9,8,9,7,9,6,9,5,9,4,9,3,9,2,9,1,10,8,10,7,10,6,10,5,10,4,10,3,10,2,10,1,11,8,11,7,11,6,11,5,11,4,11,3,11,2,11,1,12,8,12,7,12,6,12,5,12,4,12,3,12,2,12,1
8,8,,1,8,1,7,1,6,1,5,1,4,1,3,1,2,1,1,2,8,2,7,2,6,2,5,2,4,2,3,2,2,2,1,3,8,3,7,3,6,3,5,3,4,3,3,3,2,3,1,4,8,4,7,4,6,4,5,4,4,4,3,4,2,4,1,5,8,5,7,5,6,5,5,5,4,5,3,5,2,5,1,6,8,6,7,6,6,6,5,6,4,6,3,6,2,6,1,7,8,7,7,7,6,7,5,7,4,7,3,7,2,7,1,8,8,8,7,8,6,8,5,8,4,8,3,8,2,8,1,9,8,9,7,9,6,9,5,9,4,9,3,9,2,9,1,10,8,10,7,10,6,10,5,10,4,10,3,10,2,10,1,11,8,11,7,11,6,11,5,11,4,11,3,11,2,11,1,12,8,12,7,12,6,12,5,12,4,12,3,12,2,12,1
9,9,,1,8,1,7,1,6,1,5,1,4,1,3,1,2,1,1,2,8,2,7,2,6,2,5,2,4,2,3,2,2,2,1,3,8,3,7,3,6,3,5,3,4,3,3,3,2,3,1,4,8,4,7,4,6,4,5,4,4,4,3,4,2,4,1,5,8,5,7,5,6,5,5,5,4,5,3,5,2,5,1,6,8,6,7,6,6,6,5,6,4,6,3,6,2,6,1,7,8,7,7,7,6,7,5,7,4,7,3,7,2,7,1,8,8,8,7,8,6,8,5,8,4,8,3,8,2,8,1,9,8,9,7,9,6,9,5,9,4,9,3,9,2,9,1,10,8,10,7,10,6,10,5,10,4,10,3,10,2,10,1,11,8,11,7,11,6,11,5,11,4,11,3,11,2,11,1,12,8,12,7,12,6,12,5,12,4,12,3,12,2,12,1
10,10,,1,8,1,7,1,6,1,5,1,4,1,3,1,2,1,1,2,8,2,7,2,6,2,5,2,4,2,3,2,2,2,1,3,8,3,7,3,6,3,5,3,4,3,3,3,2,3,1,4,8,4,7,4,6,4,5,4,4,4,3,4,2,4,1,5,8,5,7,5,6,5,5,5,4,5,3,5,2,5,1,6,8,6,7,6,6,6,5,6,4,6,3,6,2,6,1,7,8,7,7,7,6,7,5,7,4,7,3,7,2,7,1,8,8,8,7,8,6,8,5,8,4,8,3,8,2,8,1,9,8,9,7,9,6,9,5,9,4,9,3,9,2,9,1,10,8,10,7,10,6,10,5,10,4,10,3,10,2,10,1,11,8,11,7,11,6,11,5,11,4,11,3,11,2,11,1,12,8,12,7,12,6,12,5,12,4,12,3,12,2,12,1
11,11,,1,8,1,7,1,6,1,5,1,4,1,3,1,2,1,1,2,8,2,7,2,6,2,5,2,4,2,3,2,2,2,1,3,8,3,7,3,6,3,5,3,4,3,3,3,2,3,1,4,8,4,7,4,6,4,5,4,4,4,3,4,2,4,1,5,8,5,7,5,6,5,5,5,4,5,3,5,2,5,1,6,8,6,7,6,6,6,5,6,4,6,3,6,2,6,1,7,8,7,7,7,6,7,5,7,4,7,3,7,2,7,1,8,8,8,7,8,6,8,5,8,4,8,3,8,2,8,1,9,8,9,7,9,6,9,5,9,4,9,3,9,2,9,1,10,8,10,7,10,6,10,5,10,4,10,3,10,2,10,1,11,8,11,7,11,6,11,5,11,4,11,3,11,2,11,1,12,8,12,7,12,6,12,5,12,4,12,3,12,2,12,1
12,12,,1,8,1,7,1,6,1,5,1,4,1,3,1,2,1,1,2,8,2,7,2,6,2,5,2,4,2,3,2,2,2,1,3,8,3,7,3,6,3,5,3,4,3,3,3,2,3,1,4,8,4,7,4,6,4,5,4,4,4,3,4,2,4,1,5,8,5,7,5,6,5,5,5,4,5,3,5,2,5,1,6,8,6,7,6,6,6,5,6,4,6,3,6,2,6,1,7,8,7,7,7,6,7,5,7,4,7,3,7,2,7,1,8,8,8,7,8,6,8,5,8,4,8,3,8,2,8,1,9,8,9,7,9,6,9,5,9,4,9,3,9,2,9,1,10,8,10,7,10,6,10,5,10,4,10,3,10,2,10,1,11,8,11,7,11,6,11,5,11,4,11,3,11,2,11,1,12,8,12,7,12,6,12,5,12,4,12,3,12,2,12,1
13,13,,1,8,1,7,1,6,1,5,1,4,1,3,1,2,1,1,2,8,2,7,2,6,2,5,2,4,2,3,2,2,2,1,3,8,3,7,3,6,3,5,3,4,3,3,3,2,3,1,4,8,4,7,4,6,4,5,4,4,4,3,4,2,4,1,5,8,5,7,5,6,5,5,5,4,5,3,5,2,5,1,6,8,6,7,6,6,6,5,6,4,6,3,6,2,6,1,7,8,7,7,7,6,7,5,7,4,7,3,7,2,7,1,8,8,8,7,8,6,8,5,8,4,8,3,8,2,8,1,9,8,9,7,9,6,9,5,9,4,9,3,9,2,9,1,10,8,10,7,10,6,10,5,10,4,10,3,10,2,10,1,11,8,11,7,11,6,11,5,11,4,11,3,11,2,11,1,12,8,12,7,12,6,12,5,12,4,12,3,12,2,12,1
14,14,,1,8,1,7,1,6,1,5,1,4,1,3,1,2,1,1,2,8,2,7,2,6,2,5,2,4,2,3,2,2,2,1,3,8,3,7,3,6,3,5,3,4,3,3,3,2,3,1,4,8,4,7,4,6,4,5,4,4,4,3,4,2,4,1,5,8,5,7,5,6,5,5,5,4,5,3,5,2,5,1,6,8,6,7,6,6,6,5,6,4,6,3,6,2,6,1,7,8,7,7,7,6,7,5,7,4,7,3,7,2,7,1,8,8,8,7,8,6,8,5,8,4,8,3,8,2,8,1,9,8,9,7,9,6,9,5,9,4,9,3,9,2,9,1,10,8,10,7,10,6,10,5,10,4,10,3,10,2,10,1,11,8,11,7,11,6,11,5,11,4,11,3,11,2,11,1,12,8,12,7,12,6,12,5,12,4,12,3,12,2,12,1
15,15,,1,8,1,7,1,6,1,5,1,4,1,3,1,2,1,1,2,8,2,7,2,6,2,5,2,4,2,3,2,2,2,1,3,8,3,7,3,6,3,5,3,4,3,3,3,2,3,1,4,8,4,7,4,6,4,5,4,4,4,3,4,2,4,1,5,8,5,7,5,6,5,5,5,4,5,3,5,2,5,1,6,8,6,7,6,6,6,5,6,4,6,3,6,2,6,1,7,8,7,7,7,6,7,5,7,4,7,3,7,2,7,1,8,8,8,7,8,6,8,5,8,4,8,3,8,2,8,1,9,8,9,7,9,6,9,5,9,4,9,3,9,2,9,1,10,8,10,7,10,6,10,5,10,4,10,3,10,2,10,1,11,8,11,7,11,6,11,5,11,4,11,3,11,2,11,1,12,8,12,7,12,6,12,5,12,4,12,3,12,2,12,1
16,16,,1,8,1,7,1,6,1,5,1,4,1,3,1,2,1,1,2,8,2,7,2,6,2,5,2,4,2,3,2,2,2,1,3,8,3,7,3,6,3,5,3,4,3,3,3,2,3,1,4,8,4,7,4,6,4,5,4,4,4,3,4,2,4,1,5,8,5,7,5,6,5,5,5,4,5,3,5,2,5,1,6,8,6,7,6,6,6,5,6,4,6,3,6,2,6,1,7,8,7,7,7,6,7,5,7,4,7,3,7,2,7,1,8,8,8,7,8,6,8,5,8,4,8,3,8,2,8,1,9,8,9,7,9,6,9,5,9,4,9,3,9,2,9,1,10,8,10,7,10,6,10,5,10,4,10,3,10,2,10,1,11,8,11,7,11,6,11,5,11,4,11,3,11,2,11,1,12,8,12,7,12,6,12,5,12,4,12,3,12,2,12,1
17,17,,1,8,1,7,1,6,1,5,1,4,1,3,1,2,1,1,2,8,2,7,2,6,2,5,2,4,2,3,2,2,2,1,3,8,3,7,3,6,3,5,3,4,3,3,3,2,3,1,4,8,4,7,4,6,4,5,4,4,4,3,4,2,4,1,5,8,5,7,5,6,5,5,5,4,5,3,5,2,5,1,6,8,6,7,6,6,6,5,6,4,6,3,6,2,6,1,7,8,7,7,7,6,7,5,7,4,7,3,7,2,7,1,8,8,8,7,8,6,8,5,8,4,8,3,8,2,8,1,9,8,9,7,9,6,9,5,9,4,9,3,9,2,9,1,10,8,10,7,10,6,10,5,10,4,10,3,10,2,10,1,11,8,11,7,11,6,11,5,11,4,11,3,11,2,11,1,12,8,12,7,12,6,12,5,12,4,12,3,12,2,12,1
18,18,,1,8,1,7,1,6,1,5,1,4,1,3,1,2,1,1,2,8,2,7,2,6,2,5,2,4,2,3,2,2,2,1,3,8,3,7,3,6,3,5,3,4,3,3,3,2,3,1,4,8,4,7,4,6,4,5,4,4,4,3,4,2,4,1,5,8,5,7,5,6,5,5,5,4,5,3,5,2,5,1,6,8,6,7,6,6,6,5,6,4,6,3,6,2,6,1,7,8,7,7,7,6,7,5,7,4,7,3,7,2,7,1,8,8,8,7,8,6,8,5,8,4,8,3,8,2,8,1,9,8,9,7,9,6,9,5,9,4,9,3,9,2,9,1,10,8,10,7,10,6,10,5,10,4,10,3,10,2,10,1,11,8,11,7,11,6,11,5,11,4,11,3,11,2,11,1,12,8,12,7,12,6,12,5,12,4,12,3,12,2,12,1
19,19,,1,8,1,7,1,6,1,5,1,4,1,3,1,2,1,1,2,8,2,7,2,6,2,5,2,4,2,3,2,2,2,1,3,8,3,7,3,6,3,5,3,4,3,3,3,2,3,1,4,8,4,7,4,6,4,5,4,4,4,3,4,2,4,1,5,8,5,7,5,6,5,5,5,4,5,3,5,2,5,1,6,8,6,7,6,6,6,5,6,4,6,3,6,2,6,1,7,8,7,7,7,6,7,5,7,4,7,3,7,2,7,1,8,8,8,7,8,6,8,5,8,4,8,3,8,2,8,1,9,8,9,7,9,6,9,5,9,4,9,3,9,2,9,1,10,8,10,7,10,6,10,5,10,4,10,3,10,2,10,1,11,8,11,7,11,6,11,5,11,4,11,3,11,2,11,1,12,8,12,7,12,6,12,5,12,4,12,3,12,2,12,1
20,20,,1,8,1,7,1,6,1,5,1,4,1,3,1,2,1,1,2,8,2,7,2,6,2,5,2,4,2,3,2,2,2,1,3,8,3,7,3,6,3,5,3,4,3,3,3,2,3,1,4,8,4,7,4,6,4,5,4,4,4,3,4,2,4,1,5,8,5,7,5,6,5,5,5,4,5,3,5,2,5,1,6,8,6,7,6,6,6,5,6,4,6,3,6,2,6,1,7,8,7,7,7,6,7,5,7,4,7,3,7,2,7,1,8,8,8,7,8,6,8,5,8,4,8,3,8,2,8,1,9,8,9,7,9,6,9,5,9,4,9,3,9,2,9,1,10,8,10,7,10,6,10,5,10,4,10,3,10,2,10,1,11,8,11,7,11,6,11,5,11,4,11,3,11,2,11,1,12,8,12,7,12,6,12,5,12,4,12,3,12,2,12,1
21,21,,1,8,1,7,1,6,1,5,1,4,1,3,1,2,1,1,2,8,2,7,2,6,2,5,2,4,2,3,2,2,2,1,3,8,3,7,3,6,3,5,3,4,3,3,3,2,3,1,4,8,4,7,4,6,4,5,4,4,4,3,4,2,4,1,5,8,5,7,5,6,5,5,5,4,5,3,5,2,5,1,6,8,6,7,6,6,6,5,6,4,6,3,6,2,6,1,7,8,7,7,7,6,7,5,7,4,7,3,7,2,7,1,8,8,8,7,8,6,8,5,8,4,8,3,8,2,8,1,9,8,9,7,9,6,9,5,9,4,9,3,9,2,9,1,10,8,10,7,10,6,10,5,10,4,10,3,10,2,10,1,11,8,11,7,11,6,11,5,11,4,11,3,11,2,11,1,12,8,12,7,12,6,12,5,12,4,12,3,12,2,12,1
22,22,,1,8,1,7,1,6,1,5,1,4,1,3,1,2,1,1,2,8,2,7,2,6,2,5,2,4,2,3,2,2,2,1,3,8,3,7,3,6,3,5,3,4,3,3,3,2,3,1,4,8,4,7,4,6,4,5,4,4,4,3,4,2,4,1,5,8,5,7,5,6,5,5,5,4,5,3,5,2,5,1,6,8,6,7,6,6,6,5,6,4,6,3,6,2,6,1,7,8,7,7,7,6,7,5,7,4,7,3,7,2,7,1,8,8,8,7,8,6,8,5,8,4,8,3,8,2,8,1,9,8,9,7,9,6,9,5,9,4,9,3,9,2,9,1,10,8,10,7,10,6,10,5,10,4,10,3,10,2,10,1,11,8,11,7,11,6,11,5,11,4,11,3,11,2,11,1,12,8,12,7,12,6,12,5,12,4,12,3,12,2,12,1
23,23,,1,8,1,7,1,6,1,5,1,4,1,3,1,2,1,1,2,8,2,7,2,6,2,5,2,4,2,3,2,2,2,1,3,8,3,7,3,6,3,5,3,4,3,3,3,2,3,1,4,8,4,7,4,6,4,5,4,4,4,3,4,2,4,1,5,8,5,7,5,6,5,5,5,4,5,3,5,2,5,1,6,8,6,7,6,6,6,5,6,4,6,3,6,2,6,1,7,8,7,7,7,6,7,5,7,4,7,3,7,2,7,1,8,8,8,7,8,6,8,5,8,4,8,3,8,2,8,1,9,8,9,7,9,6,9,5,9,4,9,3,9,2,9,1,10,8,10,7,10,6,10,5,10,4,10,3,10,2,10,1,11,8,11,7,11,6,11,5,11,4,11,3,11,2,11,1,12,8,12,7,12,6,12,5,12,4,12,3,12,2,12,1
24,24,,1,8,1,7,1,6,1,5,1,4,1,3,1,2,1,1,2,8,2,7,2,6,2,5,2,4,2,3,2,2,2,1,3,8,3,7,3,6,3,5,3,4,3,3,3,2,3,1,4,8,4,7,4,6,4,5,4,4,4,3,4,2,4,1,5,8,5,7,5,6,5,5,5,4,5,3,5,2,5,1,6,8,6,7,6,6,6,5,6,4,6,3,6,2,6,1,7,8,7,7,7,6,7,5,7,4,7,3,7,2,7,1,8,8,8,7,8,6,8,5,8,4,8,3,8,2,8,1,9,8,9,7,9,6,9,5,9,4,9,3,9,2,9,1,10,8,10,7,10,6,10,5,10,4,10,3,10,2,10,1,11,8,11,7,11,6,11,5,11,4,11,3,11,2,11,1,12,8,12,7,12,6,12,5,12,4,12,3,12,2,12,1
25,25,,1,8,1,7,1,6,1,5,1,4,1,3,1,2,1,1,2,8,2,7,2,6,2,5,2,4,2,3,2,2,2,1,3,8,3,7,3,6,3,5,3,4,3,3,3,2,3,1,4,8,4,7,4,6,4,5,4,4,4,3,4,2,4,1,5,8,5,7,5,6,5,5,5,4,5,3,5,2,5,1,6,8,6,7,6,6,6,5,6,4,6,3,6,2,6,1,7,8,7,7,7,6,7,5,7,4,7,3,7,2,7,1,8,8,8,7,8,6,8,5,8,4,8,3,8,2,8,1,9,8,9,7,9,6,9,5,9,4,9,3,9,2,9,1,10,8,10,7,10,6,10,5,10,4,10,3,10,2,10,1,11,8,11,7,11,6,11,5,11,4,11,3,11,2,11,1,12,8,12,7,12,6,12,5,12,4,12,3,12,2,12,1
26,26,,1,8,1,7,1,6,1,5,1,4,1,3,1,2,1,1,2,8,2,7,2,6,2,5,2,4,2,3,2,2,2,1,3,8,3,7,3,6,3,5,3,4,3,3,3,2,3,1,4,8,4,7,4,6,4,5,4,4,4,3,4,2,4,1,5,8,5,7,5,6,5,5,5,4,5,3,5,2,5,1,6,8,6,7,6,6,6,5,6,4,6,3,6,2,6,1,7,8,7,7,7,6,7,5,7,4,7,3,7,2,7,1,8,8,8,7,8,6,8,5,8,4,8,3,8,2,8,1,9,8,9,7,9,6,9,5,9,4,9,3,9,2,9,1,10,8,10,7,10,6,10,5,10,4,10,3,10,2,10,1,11,8,11,7,11,6,11,5,11,4,11,3,11,2,11,1,12,8,12,7,12,6,12,5,12,4,12,3,12,2,12,1
27,27,,1,8,1,7,1,6,1,5,1,4,1,3,1,2,1,1,2,8,2,7,2,6,2,5,2,4,2,3,2,2,2,1,3,8,3,7,3,6,3,5,3,4,3,3,3,2,3,1,4,8,4,7,4,6,4,5,4,4,4,3,4,2,4,1,5,8,5,7,5,6,5,5,5,4,5,3,5,2,5,1,6,8,6,7,6,6,6,5,6,4,6,3,6,2,6,1,7,8,7,7,7,6,7,5,7,4,7,3,7,2,7,1,8,8,8,7,8,6,8,5,8,4,8,3,8,2,8,1,9,8,9,7,9,6,9,5,9,4,9,3,9,2,9,1,10,8,10,7,10,6,10,5,10,4,10,3,10,2,10,1,11,8,11,7,11,6,11,5,11,4,11,3,11,2,11,1,12,8,12,7,12,6,12,5,12,4,12,3,12,2,12,1
28,28,,1,8,1,7,1,6,1,5,1,4,1,3,1,2,1,1,2,8,2,7,2,6,2,5,2,4,2,3,2,2,2,1,3,8,3,7,3,6,3,5,3,4,3,3,3,2,3,1,4,8,4,7,4,6,4,5,4,4,4,3,4,2,4,1,5,8,5,7,5,6,5,5,5,4,5,3,5,2,5,1,6,8,6,7,6,6,6,5,6,4,6,3,6,2,6,1,7,8,7,7,7,6,7,5,7,4,7,3,7,2,7,1,8,8,8,7,8,6,8,5,8,4,8,3,8,2,8,1,9,8,9,7,9,6,9,5,9,4,9,3,9,2,9,1,10,8,10,7,10,6,10,5,10,4,10,3,10,2,10,1,11,8,11,7,11,6,11,5,11,4,11,3,11,2,11,1,12,8,12,7,12,6,12,5,12,4,12,3,12,2,12,1
29,29,,1,8,1,7,1,6,1,5,1,4,1,3,1,2,1,1,2,8,2,7,2,6,2,5,2,4,2,3,2,2,2,1,3,8,3,7,3,6,3,5,3,4,3,3,3,2,3,1,4,8,4,7,4,6,4,5,4,4,4,3,4,2,4,1,5,8,5,7,5,6,5,5,5,4,5,3,5,2,5,1,6,8,6,7,6,6,6,5,6,4,6,3,6,2,6,1,7,8,7,7,7,6,7,5,7,4,7,3,7,2,7,1,8,8,8,7,8,6,8,5,8,4,8,3,8,2,8,1,9,8,9,7,9,6,9,5,9,4,9,3,9,2,9,1,10,8,10,7,10,6,10,5,10,4,10,3,10,2,10,1,11,8,11,7,11,6,11,5,11,4,11,3,11,2,11,1,12,8,12,7,12,6,12,5,12,4,12,3,12,2,12,1
30,30,,1,8,1,7,1,6,1,5,1,4,1,3,1,2,1,1,2,8,2,7,2,6,2,5,2,4,2,3,2,2,2,1,3,8,3,7,3,6,3,5,3,4,3,3,3,2,3,1,4,8,4,7,4,6,4,5,4,4,4,3,4,2,4,1,5,8,5,7,5,6,5,5,5,4,5,3,5,2,5,1,6,8,6,7,6,6,6,5,6,4,6,3,6,2,6,1,7,8,7,7,7,6,7,5,7,4,7,3,7,2,7,1,8,8,8,7,8,6,8,5,8,4,8,3,8,2,8,1,9,8,9,7,9,6,9,5,9,4,9,3,9,2,9,1,10,8,10,7,10,6,10,5,10,4,10,3,10,2,10,1,11,8,11,7,11,6,11,5,11,4,11,3,11,2,11,1,12,8,12,7,12,6,12,5,12,4,12,3,12,2,12,1
31,31,,1,8,1,7,1,6,1,5,1,4,1,3,1,2,1,1,2,8,2,7,2,6,2,5,2,4,2,3,2,2,2,1,3,8,3,7,3,6,3,5,3,4,3,3,3,2,3,1,4,8,4,7,4,6,4,5,4,4,4,3,4,2,4,1,5,8,5,7,5,6,5,5,5,4,5,3,5,2,5,1,6,8,6,7,6,6,6,5,6,4,6,3,6,2,6,1,7,8,7,7,7,6,7,5,7,4,7,3,7,2,7,1,8,8,8,7,8,6,8,5,8,4,8,3,8,2,8,1,9,8,9,7,9,6,9,5,9,4,9,3,9,2,9,1,10,8,10,7,10,6,10,5,10,4,10,3,10,2,10,1,11,8,11,7,11,6,11,5,11,4,11,3,11,2,11,1,12,8,12,7,12,6,12,5,12,4,12,3,12,2,12,1
32,32,,1,8,1,7,1,6,1,5,1,4,1,3,1,2,1,1,2,8,2,7,2,6,2,5,2,4,2,3,2,2,2,1,3,8,3,7,3,6,3,5,3,4,3,3,3,2,3,1,4,8,4,7,4,6,4,5,4,4,4,3,4,2,4,1,5,8,5,7,5,6,5,5,5,4,5,3,5,2,5,1,6,8,6,7,6,6,6,5,6,4,6,3,6,2,6,1,7,8,7,7,7,6,7,5,7,4,7,3,7,2,7,1,8,8,8,7,8,6,8,5,8,4,8,3,8,2,8,1,9,8,9,7,9,6,9,5,9,4,9,3,9,2,9,1,10,8,10,7,10,6,10,5,10,4,10,3,10,2,10,1,11,8,11,7,11,6,11,5,11,4,11,3,11,2,11,1,12,8,12,7,12,6,12,5,12,4,12,3,12,2,12,1
33,33,,1,8,1,7,1,6,1,5,1,4,1,3,1,2,1,1,2,8,2,7,2,6,2,5,2,4,2,3,2,2,2,1,3,8,3,7,3,6,3,5,3,4,3,3,3,2,3,1,4,8,4,7,4,6,4,5,4,4,4,3,4,2,4,1,5,8,5,7,5,6,5,5,5,4,5,3,5,2,5,1,6,8,6,7,6,6,6,5,6,4,6,3,6,2,6,1,7,8,7,7,7,6,7,5,7,4,7,3,7,2,7,1,8,8,8,7,8,6,8,5,8,4,8,3,8,2,8,1,9,8,9,7,9,6,9,5,9,4,9,3,9,2,9,1,10,8,10,7,10,6,10,5,10,4,10,3,10,2,10,1,11,8,11,7,11,6,11,5,11,4,11,3,11,2,11,1,12,8,12,7,12,6,12,5,12,4,12,3,12,2,12,1
34,34,,1,8,1,7,1,6,1,5,1,4,1,3,1,2,1,1,2,8,2,7,2,6,2,5,2,4,2,3,2,2,2,1,3,8,3,7,3,6,3,5,3,4,3,3,3,2,3,1,4,8,4,7,4,6,4,5,4,4,4,3,4,2,4,1,5,8,5,7,5,6,5,5,5,4,5,3,5,2,5,1,6,8,6,7,6,6,6,5,6,4,6,3,6,2,6,1,7,8,7,7,7,6,7,5,7,4,7,3,7,2,7,1,8,8,8,7,8,6,8,5,8,4,8,3,8,2,8,1,9,8,9,7,9,6,9,5,9,4,9,3,9,2,9,1,10,8,10,7,10,6,10,5,10,4,10,3,10,2,10,1,11,8,11,7,11,6,11,5,11,4,11,3,11,2,11,1,12,8,12,7,12,6,12,5,12,4,12,3,12,2,12,1
35,35,,1,8,1,7,1,6,1,5,1,4,1,3,1,2,1,1,2,8,2,7,2,6,2,5,2,4,2,3,2,2,2,1,3,8,3,7,3,6,3,5,3,4,3,3,3,2,3,1,4,8,4,7,4,6,4,5,4,4,4,3,4,2,4,1,5,8,5,7,5,6,5,5,5,4,5,3,5,2,5,1,6,8,6,7,6,6,6,5,6,4,6,3,6,2,6,1,7,8,7,7,7,6,7,5,7,4,7,3,7,2,7,1,8,8,8,7,8,6,8,5,8,4,8,3,8,2,8,1,9,8,9,7,9,6,9,5,9,4,9,3,9,2,9,1,10,8,10,7,10,6,10,5,10,4,10,3,10,2,10,1,11,8,11,7,11,6,11,5,11,4,11,3,11,2,11,1,12,8,12,7,12,6,12,5,12,4,12,3,12,2,12,1
36,36,,1,8,1,7,1,6,1,5,1,4,1,3,1,2,1,1,2,8,2,7,2,6,2,5,2,4,2,3,2,2,2,1,3,8,3,7,3,6,3,5,3,4,3,3,3,2,3,1,4,8,4,7,4,6,4,5,4,4,4,3,4,2,4,1,5,8,5,7,5,6,5,5,5,4,5,3,5,2,5,1,6,8,6,7,6,6,6,5,6,4,6,3,6,2,6,1,7,8,7,7,7,6,7,5,7,4,7,3,7,2,7,1,8,8,8,7,8,6,8,5,8,4,8,3,8,2,8,1,9,8,9,7,9,6,9,5,9,4,9,3,9,2,9,1,10,8,10,7,10,6,10,5,10,4,10,3,10,2,10,1,11,8,11,7,11,6,11,5,11,4,11,3,11,2,11,1,12,8,12,7,12,6,12,5,12,4,12,3,12,2,12,1
37,37,,1,8,1,7,1,6,1,5,1,4,1,3,1,2,1,1,2,8,2,7,2,6,2,5,2,4,2,3,2,2,2,1,3,8,3,7,3,6,3,5,3,4,3,3,3,2,3,1,4,8,4,7,4,6,4,5,4,4,4,3,4,2,4,1,5,8,5,7,5,6,5,5,5,4,5,3,5,2,5,1,6,8,6,7,6,6,6,5,6,4,6,3,6,2,6,1,7,8,7,7,7,6,7,5,7,4,7,3,7,2,7,1,8,8,8,7,8,6,8,5,8,4,8,3,8,2,8,1,9,8,9,7,9,6,9,5,9,4,9,3,9,2,9,1,10,8,10,7,10,6,10,5,10,4,10,3,10,2,10,1,11,8,11,7,11,6,11,5,11,4,11,3,11,2,11,1,12,8,12,7,12,6,12,5,12,4,12,3,12,2,12,1
38,38,,1,8,1,7,1,6,1,5,1,4,1,3,1,2,1,1,2,8,2,7,2,6,2,5,2,4,2,3,2,2,2,1,3,8,3,7,3,6,3,5,3,4,3,3,3,2,3,1,4,8,4,7,4,6,4,5,4,4,4,3,4,2,4,1,5,8,5,7,5,6,5,5,5,4,5,3,5,2,5,1,6,8,6,7,6,6,6,5,6,4,6,3,6,2,6,1,7,8,7,7,7,6,7,5,7,4,7,3,7,2,7,1,8,8,8,7,8,6,8,5,8,4,8,3,8,2,8,1,9,8,9,7,9,6,9,5,9,4,9,3,9,2,9,1,10,8,10,7,10,6,10,5,10,4,10,3,10,2,10,1,11,8,11,7,11,6,11,5,11,4,11,3,11,2,11,1,12,8,12,7,12,6,12,5,12,4,12,3,12,2,12,1
39,39,,1,8,1,7,1,6,1,5,1,4,1,3,1,2,1,1,2,8,2,7,2,6,2,5,2,4,2,3,2,2,2,1,3,8,3,7,3,6,3,5,3,4,3,3,3,2,3,1,4,8,4,7,4,6,4,5,4,4,4,3,4,2,4,1,5,8,5,7,5,6,5,5,5,4,5,3,5,2,5,1,6,8,6,7,6,6,6,5,6,4,6,3,6,2,6,1,7,8,7,7,7,6,7,5,7,4,7,3,7,2,7,1,8,8,8,7,8,6,8,5,8,4,8,3,8,2,8,1,9,8,9,7,9,6,9,5,9,4,9,3,9,2,9,1,10,8,10,7,10,6,10,5,10,4,10,3,10,2,10,1,11,8,11,7,11,6,11,5,11,4,11,3,11,2,11,1,12,8,12,7,12,6,12,5,12,4,12,3,12,2,12,1
40,40,,1,8,1,7,1,6,1,5,1,4,1,3,1,2,1,1,2,8,2,7,2,6,2,5,2,4,2,3,2,2,2,1,3,8,3,7,3,6,3,5,3,4,3,3,3,2,3,1,4,8,4,7,4,6,4,5,4,4,4,3,4,2,4,1,5,8,5,7,5,6,5,5,5,4,5,3,5,2,5,1,6,8,6,7,6,6,6,5,6,4,6,3,6,2,6,1,7,8,7,7,7,6,7,5,7,4,7,3,7,2,7,1,8,8,8,7,8,6,8,5,8,4,8,3,8,2,8,1,9,8,9,7,9,6,9,5,9,4,9,3,9,2,9,1,10,8,10,7,10,6,10,5,10,4,10,3,10,2,10,1,11,8,11,7,11,6,11,5,11,4,11,3,11,2,11,1,12,8,12,7,12,6,12,5,12,4,12,3,12,2,12,1
41,41,,1,8,1,7,1,6,1,5,1,4,1,3,1,2,1,1,2,8,2,7,2,6,2,5,2,4,2,3,2,2,2,1,3,8,3,7,3,6,3,5,3,4,3,3,3,2,3,1,4,8,4,7,4,6,4,5,4,4,4,3,4,2,4,1,5,8,5,7,5,6,5,5,5,4,5,3,5,2,5,1,6,8,6,7,6,6,6,5,6,4,6,3,6,2,6,1,7,8,7,7,7,6,7,5,7,4,7,3,7,2,7,1,8,8,8,7,8,6,8,5,8,4,8,3,8,2,8,1,9,8,9,7,9,6,9,5,9,4,9,3,9,2,9,1,10,8,10,7,10,6,10,5,10,4,10,3,10,2,10,1,11,8,11,7,11,6,11,5,11,4,11,3,11,2,11,1,12,8,12,7,12,6,12,5,12,4,12,3,12,2,12,1
42,42,,1,8,1,7,1,6,1,5,1,4,1,3,1,2,1,1,2,8,2,7,2,6,2,5,2,4,2,3,2,2,2,1,3,8,3,7,3,6,3,5,3,4,3,3,3,2,3,1,4,8,4,7,4,6,4,5,4,4,4,3,4,2,4,1,5,8,5,7,5,6,5,5,5,4,5,3,5,2,5,1,6,8,6,7,6,6,6,5,6,4,6,3,6,2,6,1,7,8,7,7,7,6,7,5,7,4,7,3,7,2,7,1,8,8,8,7,8,6,8,5,8,4,8,3,8,2,8,1,9,8,9,7,9,6,9,5,9,4,9,3,9,2,9,1,10,8,10,7,10,6,10,5,10,4,10,3,10,2,10,1,11,8,11,7,11,6,11,5,11,4,11,3,11,2,11,1,12,8,12,7,12,6,12,5,12,4,12,3,12,2,12,1
43,43,,1,8,1,7,1,6,1,5,1,4,1,3,1,2,1,1,2,8,2,7,2,6,2,5,2,4,2,3,2,2,2,1,3,8,3,7,3,6,3,5,3,4,3,3,3,2,3,1,4,8,4,7,4,6,4,5,4,4,4,3,4,2,4,1,5,8,5,7,5,6,5,5,5,4,5,3,5,2,5,1,6,8,6,7,6,6,6,5,6,4,6,3,6,2,6,1,7,8,7,7,7,6,7,5,7,4,7,3,7,2,7,1,8,8,8,7,8,6,8,5,8,4,8,3,8,2,8,1,9,8,9,7,9,6,9,5,9,4,9,3,9,2,9,1,10,8,10,7,10,6,10,5,10,4,10,3,10,2,10,1,11,8,11,7,11,6,11,5,11,4,11,3,11,2,11,1,12,8,12,7,12,6,12,5,12,4,12,3,12,2,12,1
44,44,,1,8,1,7,1,6,1,5,1,4,1,3,1,2,1,1,2,8,2,7,2,6,2,5,2,4,2,3,2,2,2,1,3,8,3,7,3,6,3,5,3,4,3,3,3,2,3,1,4,8,4,7,4,6,4,5,4,4,4,3,4,2,4,1,5,8,5,7,5,6,5,5,5,4,5,3,5,2,5,1,6,8,6,7,6,6,6,5,6,4,6,3,6,2,6,1,7,8,7,7,7,6,7,5,7,4,7,3,7,2,7,1,8,8,8,7,8,6,8,5,8,4,8,3,8,2,8,1,9,8,9,7,9,6,9,5,9,4,9,3,9,2,9,1,10,8,10,7,10,6,10,5,10,4,10,3,10,2,10,1,11,8,11,7,11,6,11,5,11,4,11,3,11,2,11,1,12,8,12,7,12,6,12,5,12,4,12,3,12,2,12,1
45,45,,1,8,1,7,1,6,1,5,1,4,1,3,1,2,1,1,2,8,2,7,2,6,2,5,2,4,2,3,2,2,2,1,3,8,3,7,3,6,3,5,3,4,3,3,3,2,3,1,4,8,4,7,4,6,4,5,4,4,4,3,4,2,4,1,5,8,5,7,5,6,5,5,5,4,5,3,5,2,5,1,6,8,6,7,6,6,6,5,6,4,6,3,6,2,6,1,7,8,7,7,7,6,7,5,7,4,7,3,7,2,7,1,8,8,8,7,8,6,8,5,8,4,8,3,8,2,8,1,9,8,9,7,9,6,9,5,9,4,9,3,9,2,9,1,10,8,10,7,10,6,10,5,10,4,10,3,10,2,10,1,11,8,11,7,11,6,11,5,11,4,11,3,11,2,11,1,12,8,12,7,12,6,12,5,12,4,12,3,12,2,12,1
46,46,,1,8,1,7,1,6,1,5,1,4,1,3,1,2,1,1,2,8,2,7,2,6,2,5,2,4,2,3,2,2,2,1,3,8,3,7,3,6,3,5,3,4,3,3,3,2,3,1,4,8,4,7,4,6,4,5,4,4,4,3,4,2,4,1,5,8,5,7,5,6,5,5,5,4,5,3,5,2,5,1,6,8,6,7,6,6,6,5,6,4,6,3,6,2,6,1,7,8,7,7,7,6,7,5,7,4,7,3,7,2,7,1,8,8,8,7,8,6,8,5,8,4,8,3,8,2,8,1,9,8,9,7,9,6,9,5,9,4,9,3,9,2,9,1,10,8,10,7,10,6,10,5,10,4,10,3,10,2,10,1,11,8,11,7,11,6,11,5,11,4,11,3,11,2,11,1,12,8,12,7,12,6,12,5,12,4,12,3,12,2,12,1
47,47,,1,8,1,7,1,6,1,5,1,4,1,3,1,2,1,1,2,8,2,7,2,6,2,5,2,4,2,3,2,2,2,1,3,8,3,7,3,6,3,5,3,4,3,3,3,2,3,1,4,8,4,7,4,6,4,5,4,4,4,3,4,2,4,1,5,8,5,7,5,6,5,5,5,4,5,3,5,2,5,1,6,8,6,7,6,6,6,5,6,4,6,3,6,2,6,1,7,8,7,7,7,6,7,5,7,4,7,3,7,2,7,1,8,8,8,7,8,6,8,5,8,4,8,3,8,2,8,1,9,8,9,7,9,6,9,5,9,4,9,3,9,2,9,1,10,8,10,7,10,6,10,5,10,4,10,3,10,2,10,1,11,8,11,7,11,6,11,5,11,4,11,3,11,2,11,1,12,8,12,7,12,6,12,5,12,4,12,3,12,2,12,1
48,48,,1,8,1,7,1,6,1,5,1,4,1,3,1,2,1,1,2,8,2,7,2,6,2,5,2,4,2,3,2,2,2,1,3,8,3,7,3,6,3,5,3,4,3,3,3,2,3,1,4,8,4,7,4,6,4,5,4,4,4,3,4,2,4,1,5,8,5,7,5,6,5,5,5,4,5,3,5,2,5,1,6,8,6,7,6,6,6,5,6,4,6,3,6,2,6,1,7,8,7,7,7,6,7,5,7,4,7,3,7,2,7,1,8,8,8,7,8,6,8,5,8,4,8,3,8,2,8,1,9,8,9,7,9,6,9,5,9,4,9,3,9,2,9,1,10,8,10,7,10,6,10,5,10,4,10,3,10,2,10,1,11,8,11,7,11,6,11,5,11,4,11,3,11,2,11,1,12,8,12,7,12,6,12,5,12,4,12,3,12,2,12,1
49,49,,1,8,1,7,1,6,1,5,1,4,1,3,1,2,1,1,2,8,2,7,2,6,2,5,2,4,2,3,2,2,2,1,3,8,3,7,3,6,3,5,3,4,3,3,3,2,3,1,4,8,4,7,4,6,4,5,4,4,4,3,4,2,4,1,5,8,5,7,5,6,5,5,5,4,5,3,5,2,5,1,6,8,6,7,6,6,6,5,6,4,6,3,6,2,6,1,7,8,7,7,7,6,7,5,7,4,7,3,7,2,7,1,8,8,8,7,8,6,8,5,8,4,8,3,8,2,8,1,9,8,9,7,9,6,9,5,9,4,9,3,9,2,9,1,10,8,10,7,10,6,10,5,10,4,10,3,10,2,10,1,11,8,11,7,11,6,11,5,11,4,11,3,11,2,11,1,12,8,12,7,12,6,12,5,12,4,12,3,12,2,12,1
50,50,,1,8,1,7,1,6,1,5,1,4,1,3,1,2,1,1,2,8,2,7,2,6,2,5,2,4,2,3,2,2,2,1,3,8,3,7,3,6,3,5,3,4,3,3,3,2,3,1,4,8,4,7,4,6,4,5,4,4,4,3,4,2,4,1,5,8,5,7,5,6,5,5,5,4,5,3,5,2,5,1,6,8,6,7,6,6,6,5,6,4,6,3,6,2,6,1,7,8,7,7,7,6,7,5,7,4,7,3,7,2,7,1,8,8,8,7,8,6,8,5,8,4,8,3,8,2,8,1,9,8,9,7,9,6,9,5,9,4,9,3,9,2,9,1,10,8,10,7,10,6,10,5,10,4,10,3,10,2,10,1,11,8,11,7,11,6,11,5,11,4,11,3,11,2,11,1,12,8,12,7,12,6,12,5,12,4,12,3,12,2,12,1
51,51,,1,8,1,7,1,6,1,5,1,4,1,3,1,2,1,1,2,8,2,7,2,6,2,5,2,4,2,3,2,2,2,1,3,8,3,7,3,6,3,5,3,4,3,3,3,2,3,1,4,8,4,7,4,6,4,5,4,4,4,3,4,2,4,1,5,8,5,7,5,6,5,5,5,4,5,3,5,2,5,1,6,8,6,7,6,6,6,5,6,4,6,3,6,2,6,1,7,8,7,7,7,6,7,5,7,4,7,3,7,2,7,1,8,8,8,7,8,6,8,5,8,4,8,3,8,2,8,1,9,8,9,7,9,6,9,5,9,4,9,3,9,2,9,1,10,8,10,7,10,6,10,5,10,4,10,3,10,2,10,1,11,8,11,7,11,6,11,5,11,4,11,3,11,2,11,1,12,8,12,7,12,6,12,5,12,4,12,3,12,2,12,1
52,52,,1,8,1,7,1,6,1,5,1,4,1,3,1,2,1,1,2,8,2,7,2,6,2,5,2,4,2,3,2,2,2,1,3,8,3,7,3,6,3,5,3,4,3,3,3,2,3,1,4,8,4,7,4,6,4,5,4,4,4,3,4,2,4,1,5,8,5,7,5,6,5,5,5,4,5,3,5,2,5,1,6,8,6,7,6,6,6,5,6,4,6,3,6,2,6,1,7,8,7,7,7,6,7,5,7,4,7,3,7,2,7,1,8,8,8,7,8,6,8,5,8,4,8,3,8,2,8,1,9,8,9,7,9,6,9,5,9,4,9,3,9,2,9,1,10,8,10,7,10,6,10,5,10,4,10,3,10,2,10,1,11,8,11,7,11,6,11,5,11,4,11,3,11,2,11,1,12,8,12,7,12,6,12,5,12,4,12,3,12,2,12,1
53,53,,1,8,1,7,1,6,1,5,1,4,1,3,1,2,1,1,2,8,2,7,2,6,2,5,2,4,2,3,2,2,2,1,3,8,3,7,3,6,3,5,3,4,3,3,3,2,3,1,4,8,4,7,4,6,4,5,4,4,4,3,4,2,4,1,5,8,5,7,5,6,5,5,5,4,5,3,5,2,5,1,6,8,6,7,6,6,6,5,6,4,6,3,6,2,6,1,7,8,7,7,7,6,7,5,7,4,7,3,7,2,7,1,8,8,8,7,8,6,8,5,8,4,8,3,8,2,8,1,9,8,9,7,9,6,9,5,9,4,9,3,9,2,9,1,10,8,10,7,10,6,10,5,10,4,10,3,10,2,10,1,11,8,11,7,11,6,11,5,11,4,11,3,11,2,11,1,12,8,12,7,12,6,12,5,12,4,12,3,12,2,12,1
54,54,,1,8,1,7,1,6,1,5,1,4,1,3,1,2,1,1,2,8,2,7,2,6,2,5,2,4,2,3,2,2,2,1,3,8,3,7,3,6,3,5,3,4,3,3,3,2,3,1,4,8,4,7,4,6,4,5,4,4,4,3,4,2,4,1,5,8,5,7,5,6,5,5,5,4,5,3,5,2,5,1,6,8,6,7,6,6,6,5,6,4,6,3,6,2,6,1,7,8,7,7,7,6,7,5,7,4,7,3,7,2,7,1,8,8,8,7,8,6,8,5,8,4,8,3,8,2,8,1,9,8,9,7,9,6,9,5,9,4,9,3,9,2,9,1,10,8,10,7,10,6,10,5,10,4,10,3,10,2,10,1,11,8,11,7,11,6,11,5,11,4,11,3,11,2,11,1,12,8,12,7,12,6,12,5,12,4,12,3,12,2,12,1
55,55,,1,8,1,7,1,6,1,5,1,4,1,3,1,2,1,1,2,8,2,7,2,6,2,5,2,4,2,3,2,2,2,1,3,8,3,7,3,6,3,5,3,4,3,3,3,2,3,1,4,8,4,7,4,6,4,5,4,4,4,3,4,2,4,1,5,8,5,7,5,6,5,5,5,4,5,3,5,2,5,1,6,8,6,7,6,6,6,5,6,4,6,3,6,2,6,1,7,8,7,7,7,6,7,5,7,4,7,3,7,2,7,1,8,8,8,7,8,6,8,5,8,4,8,3,8,2,8,1,9,8,9,7,9,6,9,5,9,4,9,3,9,2,9,1,10,8,10,7,10,6,10,5,10,4,10,3,10,2,10,1,11,8,11,7,11,6,11,5,11,4,11,3,11,2,11,1,12,8,12,7,12,6,12,5,12,4,12,3,12,2,12,1
56,56,,1,8,1,7,1,6,1,5,1,4,1,3,1,2,1,1,2,8,2,7,2,6,2,5,2,4,2,3,2,2,2,1,3,8,3,7,3,6,3,5,3,4,3,3,3,2,3,1,4,8,4,7,4,6,4,5,4,4,4,3,4,2,4,1,5,8,5,7,5,6,5,5,5,4,5,3,5,2,5,1,6,8,6,7,6,6,6,5,6,4,6,3,6,2,6,1,7,8,7,7,7,6,7,5,7,4,7,3,7,2,7,1,8,8,8,7,8,6,8,5,8,4,8,3,8,2,8,1,9,8,9,7,9,6,9,5,9,4,9,3,9,2,9,1,10,8,10,7,10,6,10,5,10,4,10,3,10,2,10,1,11,8,11,7,11,6,11,5,11,4,11,3,11,2,11,1,12,8,12,7,12,6,12,5,12,4,12,3,12,2,12,1
57,57,,1,8,1,7,1,6,1,5,1,4,1,3,1,2,1,1,2,8,2,7,2,6,2,5,2,4,2,3,2,2,2,1,3,8,3,7,3,6,3,5,3,4,3,3,3,2,3,1,4,8,4,7,4,6,4,5,4,4,4,3,4,2,4,1,5,8,5,7,5,6,5,5,5,4,5,3,5,2,5,1,6,8,6,7,6,6,6,5,6,4,6,3,6,2,6,1,7,8,7,7,7,6,7,5,7,4,7,3,7,2,7,1,8,8,8,7,8,6,8,5,8,4,8,3,8,2,8,1,9,8,9,7,9,6,9,5,9,4,9,3,9,2,9,1,10,8,10,7,10,6,10,5,10,4,10,3,10,2,10,1,11,8,11,7,11,6,11,5,11,4,11,3,11,2,11,1,12,8,12,7,12,6,12,5,12,4,12,3,12,2,12,1
58,58,,1,8,1,7,1,6,1,5,1,4,1,3,1,2,1,1,2,8,2,7,2,6,2,5,2,4,2,3,2,2,2,1,3,8,3,7,3,6,3,5,3,4,3,3,3,2,3,1,4,8,4,7,4,6,4,5,4,4,4,3,4,2,4,1,5,8,5,7,5,6,5,5,5,4,5,3,5,2,5,1,6,8,6,7,6,6,6,5,6,4,6,3,6,2,6,1,7,8,7,7,7,6,7,5,7,4,7,3,7,2,7,1,8,8,8,7,8,6,8,5,8,4,8,3,8,2,8,1,9,8,9,7,9,6,9,5,9,4,9,3,9,2,9,1,10,8,10,7,10,6,10,5,10,4,10,3,10,2,10,1,11,8,11,7,11,6,11,5,11,4,11,3,11,2,11,1,12,8,12,7,12,6,12,5,12,4,12,3,12,2,12,1
59,59,,1,8,1,7,1,6,1,5,1,4,1,3,1,2,1,1,2,8,2,7,2,6,2,5,2,4,2,3,2,2,2,1,3,8,3,7,3,6,3,5,3,4,3,3,3,2,3,1,4,8,4,7,4,6,4,5,4,4,4,3,4,2,4,1,5,8,5,7,5,6,5,5,5,4,5,3,5,2,5,1,6,8,6,7,6,6,6,5,6,4,6,3,6,2,6,1,7,8,7,7,7,6,7,5,7,4,7,3,7,2,7,1,8,8,8,7,8,6,8,5,8,4,8,3,8,2,8,1,9,8,9,7,9,6,9,5,9,4,9,3,9,2,9,1,10,8,10,7,10,6,10,5,10,4,10,3,10,2,10,1,11,8,11,7,11,6,11,5,11,4,11,3,11,2,11,1,12,8,12,7,12,6,12,5,12,4,12,3,12,2,12,1
60,60,,1,8,1,7,1,6,1,5,1,4,1,3,1,2,1,1,2,8,2,7,2,6,2,5,2,4,2,3,2,2,2,1,3,8,3,7,3,6,3,5,3,4,3,3,3,2,3,1,4,8,4,7,4,6,4,5,4,4,4,3,4,2,4,1,5,8,5,7,5,6,5,5,5,4,5,3,5,2,5,1,6,8,6,7,6,6,6,5,6,4,6,3,6,2,6,1,7,8,7,7,7,6,7,5,7,4,7,3,7,2,7,1,8,8,8,7,8,6,8,5,8,4,8,3,8,2,8,1,9,8,9,7,9,6,9,5,9,4,9,3,9,2,9,1,10,8,10,7,10,6,10,5,10,4,10,3,10,2,10,1,11,8,11,7,11,6,11,5,11,4,11,3,11,2,11,1,12,8,12,7,12,6,12,5,12,4,12,3,12,2,12,1
61,61,,1,8,1,7,1,6,1,5,1,4,1,3,1,2,1,1,2,8,2,7,2,6,2,5,2,4,2,3,2,2,2,1,3,8,3,7,3,6,3,5,3,4,3,3,3,2,3,1,4,8,4,7,4,6,4,5,4,4,4,3,4,2,4,1,5,8,5,7,5,6,5,5,5,4,5,3,5,2,5,1,6,8,6,7,6,6,6,5,6,4,6,3,6,2,6,1,7,8,7,7,7,6,7,5,7,4,7,3,7,2,7,1,8,8,8,7,8,6,8,5,8,4,8,3,8,2,8,1,9,8,9,7,9,6,9,5,9,4,9,3,9,2,9,1,10,8,10,7,10,6,10,5,10,4,10,3,10,2,10,1,11,8,11,7,11,6,11,5,11,4,11,3,11,2,11,1,12,8,12,7,12,6,12,5,12,4,12,3,12,2,12,1
62,62,,1,8,1,7,1,6,1,5,1,4,1,3,1,2,1,1,2,8,2,7,2,6,2,5,2,4,2,3,2,2,2,1,3,8,3,7,3,6,3,5,3,4,3,3,3,2,3,1,4,8,4,7,4,6,4,5,4,4,4,3,4,2,4,1,5,8,5,7,5,6,5,5,5,4,5,3,5,2,5,1,6,8,6,7,6,6,6,5,6,4,6,3,6,2,6,1,7,8,7,7,7,6,7,5,7,4,7,3,7,2,7,1,8,8,8,7,8,6,8,5,8,4,8,3,8,2,8,1,9,8,9,7,9,6,9,5,9,4,9,3,9,2,9,1,10,8,10,7,10,6,10,5,10,4,10,3,10,2,10,1,11,8,11,7,11,6,11,5,11,4,11,3,11,2,11,1,12,8,12,7,12,6,12,5,12,4,12,3,12,2,12,1
63,63,,1,8,1,7,1,6,1,5,1,4,1,3,1,2,1,1,2,8,2,7,2,6,2,5,2,4,2,3,2,2,2,1,3,8,3,7,3,6,3,5,3,4,3,3,3,2,3,1,4,8,4,7,4,6,4,5,4,4,4,3,4,2,4,1,5,8,5,7,5,6,5,5,5,4,5,3,5,2,5,1,6,8,6,7,6,6,6,5,6,4,6,3,6,2,6,1,7,8,7,7,7,6,7,5,7,4,7,3,7,2,7,1,8,8,8,7,8,6,8,5,8,4,8,3,8,2,8,1,9,8,9,7,9,6,9,5,9,4,9,3,9,2,9,1,10,8,10,7,10,6,10,5,10,4,10,3,10,2,10,1,11,8,11,7,11,6,11,5,11,4,11,3,11,2,11,1,12,8,12,7,12,6,12,5,12,4,12,3,12,2,12,1
64,64,,1,8,1,7,1,6,1,5,1,4,1,3,1,2,1,1,2,8,2,7,2,6,2,5,2,4,2,3,2,2,2,1,3,8,3,7,3,6,3,5,3,4,3,3,3,2,3,1,4,8,4,7,4,6,4,5,4,4,4,3,4,2,4,1,5,8,5,7,5,6,5,5,5,4,5,3,5,2,5,1,6,8,6,7,6,6,6,5,6,4,6,3,6,2,6,1,7,8,7,7,7,6,7,5,7,4,7,3,7,2,7,1,8,8,8,7,8,6,8,5,8,4,8,3,8,2,8,1,9,8,9,7,9,6,9,5,9,4,9,3,9,2,9,1,10,8,10,7,10,6,10,5,10,4,10,3,10,2,10,1,11,8,11,7,11,6,11,5,11,4,11,3,11,2,11,1,12,8,12,7,12,6,12,5,12,4,12,3,12,2,12,1
65,65,,1,8,1,7,1,6,1,5,1,4,1,3,1,2,1,1,2,8,2,7,2,6,2,5,2,4,2,3,2,2,2,1,3,8,3,7,3,6,3,5,3,4,3,3,3,2,3,1,4,8,4,7,4,6,4,5,4,4,4,3,4,2,4,1,5,8,5,7,5,6,5,5,5,4,5,3,5,2,5,1,6,8,6,7,6,6,6,5,6,4,6,3,6,2,6,1,7,8,7,7,7,6,7,5,7,4,7,3,7,2,7,1,8,8,8,7,8,6,8,5,8,4,8,3,8,2,8,1,9,8,9,7,9,6,9,5,9,4,9,3,9,2,9,1,10,8,10,7,10,6,10,5,10,4,10,3,10,2,10,1,11,8,11,7,11,6,11,5,11,4,11,3,11,2,11,1,12,8,12,7,12,6,12,5,12,4,12,3,12,2,12,1
66,66,,1,8,1,7,1,6,1,5,1,4,1,3,1,2,1,1,2,8,2,7,2,6,2,5,2,4,2,3,2,2,2,1,3,8,3,7,3,6,3,5,3,4,3,3,3,2,3,1,4,8,4,7,4,6,4,5,4,4,4,3,4,2,4,1,5,8,5,7,5,6,5,5,5,4,5,3,5,2,5,1,6,8,6,7,6,6,6,5,6,4,6,3,6,2,6,1,7,8,7,7,7,6,7,5,7,4,7,3,7,2,7,1,8,8,8,7,8,6,8,5,8,4,8,3,8,2,8,1,9,8,9,7,9,6,9,5,9,4,9,3,9,2,9,1,10,8,10,7,10,6,10,5,10,4,10,3,10,2,10,1,11,8,11,7,11,6,11,5,11,4,11,3,11,2,11,1,12,8,12,7,12,6,12,5,12,4,12,3,12,2,12,1
67,67,,1,8,1,7,1,6,1,5,1,4,1,3,1,2,1,1,2,8,2,7,2,6,2,5,2,4,2,3,2,2,2,1,3,8,3,7,3,6,3,5,3,4,3,3,3,2,3,1,4,8,4,7,4,6,4,5,4,4,4,3,4,2,4,1,5,8,5,7,5,6,5,5,5,4,5,3,5,2,5,1,6,8,6,7,6,6,6,5,6,4,6,3,6,2,6,1,7,8,7,7,7,6,7,5,7,4,7,3,7,2,7,1,8,8,8,7,8,6,8,5,8,4,8,3,8,2,8,1,9,8,9,7,9,6,9,5,9,4,9,3,9,2,9,1,10,8,10,7,10,6,10,5,10,4,10,3,10,2,10,1,11,8,11,7,11,6,11,5,11,4,11,3,11,2,11,1,12,8,12,7,12,6,12,5,12,4,12,3,12,2,12,1
68,68,,1,8,1,7,1,6,1,5,1,4,1,3,1,2,1,1,2,8,2,7,2,6,2,5,2,4,2,3,2,2,2,1,3,8,3,7,3,6,3,5,3,4,3,3,3,2,3,1,4,8,4,7,4,6,4,5,4,4,4,3,4,2,4,1,5,8,5,7,5,6,5,5,5,4,5,3,5,2,5,1,6,8,6,7,6,6,6,5,6,4,6,3,6,2,6,1,7,8,7,7,7,6,7,5,7,4,7,3,7,2,7,1,8,8,8,7,8,6,8,5,8,4,8,3,8,2,8,1,9,8,9,7,9,6,9,5,9,4,9,3,9,2,9,1,10,8,10,7,10,6,10,5,10,4,10,3,10,2,10,1,11,8,11,7,11,6,11,5,11,4,11,3,11,2,11,1,12,8,12,7,12,6,12,5,12,4,12,3,12,2,12,1
69,69,,1,8,1,7,1,6,1,5,1,4,1,3,1,2,1,1,2,8,2,7,2,6,2,5,2,4,2,3,2,2,2,1,3,8,3,7,3,6,3,5,3,4,3,3,3,2,3,1,4,8,4,7,4,6,4,5,4,4,4,3,4,2,4,1,5,8,5,7,5,6,5,5,5,4,5,3,5,2,5,1,6,8,6,7,6,6,6,5,6,4,6,3,6,2,6,1,7,8,7,7,7,6,7,5,7,4,7,3,7,2,7,1,8,8,8,7,8,6,8,5,8,4,8,3,8,2,8,1,9,8,9,7,9,6,9,5,9,4,9,3,9,2,9,1,10,8,10,7,10,6,10,5,10,4,10,3,10,2,10,1,11,8,11,7,11,6,11,5,11,4,11,3,11,2,11,1,12,8,12,7,12,6,12,5,12,4,12,3,12,2,12,1
70,70,,1,8,1,7,1,6,1,5,1,4,1,3,1,2,1,1,2,8,2,7,2,6,2,5,2,4,2,3,2,2,2,1,3,8,3,7,3,6,3,5,3,4,3,3,3,2,3,1,4,8,4,7,4,6,4,5,4,4,4,3,4,2,4,1,5,8,5,7,5,6,5,5,5,4,5,3,5,2,5,1,6,8,6,7,6,6,6,5,6,4,6,3,6,2,6,1,7,8,7,7,7,6,7,5,7,4,7,3,7,2,7,1,8,8,8,7,8,6,8,5,8,4,8,3,8,2,8,1,9,8,9,7,9,6,9,5,9,4,9,3,9,2,9,1,10,8,10,7,10,6,10,5,10,4,10,3,10,2,10,1,11,8,11,7,11,6,11,5,11,4,11,3,11,2,11,1,12,8,12,7,12,6,12,5,12,4,12,3,12,2,12,1
71,71,,1,8,1,7,1,6,1,5,1,4,1,3,1,2,1,1,2,8,2,7,2,6,2,5,2,4,2,3,2,2,2,1,3,8,3,7,3,6,3,5,3,4,3,3,3,2,3,1,4,8,4,7,4,6,4,5,4,4,4,3,4,2,4,1,5,8,5,7,5,6,5,5,5,4,5,3,5,2,5,1,6,8,6,7,6,6,6,5,6,4,6,3,6,2,6,1,7,8,7,7,7,6,7,5,7,4,7,3,7,2,7,1,8,8,8,7,8,6,8,5,8,4,8,3,8,2,8,1,9,8,9,7,9,6,9,5,9,4,9,3,9,2,9,1,10,8,10,7,10,6,10,5,10,4,10,3,10,2,10,1,11,8,11,7,11,6,11,5,11,4,11,3,11,2,11,1,12,8,12,7,12,6,12,5,12,4,12,3,12,2,12,1
72,72,,1,8,1,7,1,6,1,5,1,4,1,3,1,2,1,1,2,8,2,7,2,6,2,5,2,4,2,3,2,2,2,1,3,8,3,7,3,6,3,5,3,4,3,3,3,2,3,1,4,8,4,7,4,6,4,5,4,4,4,3,4,2,4,1,5,8,5,7,5,6,5,5,5,4,5,3,5,2,5,1,6,8,6,7,6,6,6,5,6,4,6,3,6,2,6,1,7,8,7,7,7,6,7,5,7,4,7,3,7,2,7,1,8,8,8,7,8,6,8,5,8,4,8,3,8,2,8,1,9,8,9,7,9,6,9,5,9,4,9,3,9,2,9,1,10,8,10,7,10,6,10,5,10,4,10,3,10,2,10,1,11,8,11,7,11,6,11,5,11,4,11,3,11,2,11,1,12,8,12,7,12,6,12,5,12,4,12,3,12,2,12,1
73,73,,1,8,1,7,1,6,1,5,1,4,1,3,1,2,1,1,2,8,2,7,2,6,2,5,2,4,2,3,2,2,2,1,3,8,3,7,3,6,3,5,3,4,3,3,3,2,3,1,4,8,4,7,4,6,4,5,4,4,4,3,4,2,4,1,5,8,5,7,5,6,5,5,5,4,5,3,5,2,5,1,6,8,6,7,6,6,6,5,6,4,6,3,6,2,6,1,7,8,7,7,7,6,7,5,7,4,7,3,7,2,7,1,8,8,8,7,8,6,8,5,8,4,8,3,8,2,8,1,9,8,9,7,9,6,9,5,9,4,9,3,9,2,9,1,10,8,10,7,10,6,10,5,10,4,10,3,10,2,10,1,11,8,11,7,11,6,11,5,11,4,11,3,11,2,11,1,12,8,12,7,12,6,12,5,12,4,12,3,12,2,12,1
74,74,,1,8,1,7,1,6,1,5,1,4,1,3,1,2,1,1,2,8,2,7,2,6,2,5,2,4,2,3,2,2,2,1,3,8,3,7,3,6,3,5,3,4,3,3,3,2,3,1,4,8,4,7,4,6,4,5,4,4,4,3,4,2,4,1,5,8,5,7,5,6,5,5,5,4,5,3,5,2,5,1,6,8,6,7,6,6,6,5,6,4,6,3,6,2,6,1,7,8,7,7,7,6,7,5,7,4,7,3,7,2,7,1,8,8,8,7,8,6,8,5,8,4,8,3,8,2,8,1,9,8,9,7,9,6,9,5,9,4,9,3,9,2,9,1,10,8,10,7,10,6,10,5,10,4,10,3,10,2,10,1,11,8,11,7,11,6,11,5,11,4,11,3,11,2,11,1,12,8,12,7,12,6,12,5,12,4,12,3,12,2,12,1
75,75,,1,8,1,7,1,6,1,5,1,4,1,3,1,2,1,1,2,8,2,7,2,6,2,5,2,4,2,3,2,2,2,1,3,8,3,7,3,6,3,5,3,4,3,3,3,2,3,1,4,8,4,7,4,6,4,5,4,4,4,3,4,2,4,1,5,8,5,7,5,6,5,5,5,4,5,3,5,2,5,1,6,8,6,7,6,6,6,5,6,4,6,3,6,2,6,1,7,8,7,7,7,6,7,5,7,4,7,3,7,2,7,1,8,8,8,7,8,6,8,5,8,4,8,3,8,2,8,1,9,8,9,7,9,6,9,5,9,4,9,3,9,2,9,1,10,8,10,7,10,6,10,5,10,4,10,3,10,2,10,1,11,8,11,7,11,6,11,5,11,4,11,3,11,2,11,1,12,8,12,7,12,6,12,5,12,4,12,3,12,2,12,1
76,76,,1,8,1,7,1,6,1,5,1,4,1,3,1,2,1,1,2,8,2,7,2,6,2,5,2,4,2,3,2,2,2,1,3,8,3,7,3,6,3,5,3,4,3,3,3,2,3,1,4,8,4,7,4,6,4,5,4,4,4,3,4,2,4,1,5,8,5,7,5,6,5,5,5,4,5,3,5,2,5,1,6,8,6,7,6,6,6,5,6,4,6,3,6,2,6,1,7,8,7,7,7,6,7,5,7,4,7,3,7,2,7,1,8,8,8,7,8,6,8,5,8,4,8,3,8,2,8,1,9,8,9,7,9,6,9,5,9,4,9,3,9,2,9,1,10,8,10,7,10,6,10,5,10,4,10,3,10,2,10,1,11,8,11,7,11,6,11,5,11,4,11,3,11,2,11,1,12,8,12,7,12,6,12,5,12,4,12,3,12,2,12,1
77,77,,1,8,1,7,1,6,1,5,1,4,1,3,1,2,1,1,2,8,2,7,2,6,2,5,2,4,2,3,2,2,2,1,3,8,3,7,3,6,3,5,3,4,3,3,3,2,3,1,4,8,4,7,4,6,4,5,4,4,4,3,4,2,4,1,5,8,5,7,5,6,5,5,5,4,5,3,5,2,5,1,6,8,6,7,6,6,6,5,6,4,6,3,6,2,6,1,7,8,7,7,7,6,7,5,7,4,7,3,7,2,7,1,8,8,8,7,8,6,8,5,8,4,8,3,8,2,8,1,9,8,9,7,9,6,9,5,9,4,9,3,9,2,9,1,10,8,10,7,10,6,10,5,10,4,10,3,10,2,10,1,11,8,11,7,11,6,11,5,11,4,11,3,11,2,11,1,12,8,12,7,12,6,12,5,12,4,12,3,12,2,12,1
78,78,,1,8,1,7,1,6,1,5,1,4,1,3,1,2,1,1,2,8,2,7,2,6,2,5,2,4,2,3,2,2,2,1,3,8,3,7,3,6,3,5,3,4,3,3,3,2,3,1,4,8,4,7,4,6,4,5,4,4,4,3,4,2,4,1,5,8,5,7,5,6,5,5,5,4,5,3,5,2,5,1,6,8,6,7,6,6,6,5,6,4,6,3,6,2,6,1,7,8,7,7,7,6,7,5,7,4,7,3,7,2,7,1,8,8,8,7,8,6,8,5,8,4,8,3,8,2,8,1,9,8,9,7,9,6,9,5,9,4,9,3,9,2,9,1,10,8,10,7,10,6,10,5,10,4,10,3,10,2,10,1,11,8,11,7,11,6,11,5,11,4,11,3,11,2,11,1,12,8,12,7,12,6,12,5,12,4,12,3,12,2,12,1
79,79,,1,8,1,7,1,6,1,5,1,4,1,3,1,2,1,1,2,8,2,7,2,6,2,5,2,4,2,3,2,2,2,1,3,8,3,7,3,6,3,5,3,4,3,3,3,2,3,1,4,8,4,7,4,6,4,5,4,4,4,3,4,2,4,1,5,8,5,7,5,6,5,5,5,4,5,3,5,2,5,1,6,8,6,7,6,6,6,5,6,4,6,3,6,2,6,1,7,8,7,7,7,6,7,5,7,4,7,3,7,2,7,1,8,8,8,7,8,6,8,5,8,4,8,3,8,2,8,1,9,8,9,7,9,6,9,5,9,4,9,3,9,2,9,1,10,8,10,7,10,6,10,5,10,4,10,3,10,2,10,1,11,8,11,7,11,6,11,5,11,4,11,3,11,2,11,1,12,8,12,7,12,6,12,5,12,4,12,3,12,2,12,1
80,80,,1,8,1,7,1,6,1,5,1,4,1,3,1,2,1,1,2,8,2,7,2,6,2,5,2,4,2,3,2,2,2,1,3,8,3,7,3,6,3,5,3,4,3,3,3,2,3,1,4,8,4,7,4,6,4,5,4,4,4,3,4,2,4,1,5,8,5,7,5,6,5,5,5,4,5,3,5,2,5,1,6,8,6,7,6,6,6,5,6,4,6,3,6,2,6,1,7,8,7,7,7,6,7,5,7,4,7,3,7,2,7,1,8,8,8,7,8,6,8,5,8,4,8,3,8,2,8,1,9,8,9,7,9,6,9,5,9,4,9,3,9,2,9,1,10,8,10,7,10,6,10,5,10,4,10,3,10,2,10,1,11,8,11,7,11,6,11,5,11,4,11,3,11,2,11,1,12,8,12,7,12,6,12,5,12,4,12,3,12,2,12,1
81,81,,1,8,1,7,1,6,1,5,1,4,1,3,1,2,1,1,2,8,2,7,2,6,2,5,2,4,2,3,2,2,2,1,3,8,3,7,3,6,3,5,3,4,3,3,3,2,3,1,4,8,4,7,4,6,4,5,4,4,4,3,4,2,4,1,5,8,5,7,5,6,5,5,5,4,5,3,5,2,5,1,6,8,6,7,6,6,6,5,6,4,6,3,6,2,6,1,7,8,7,7,7,6,7,5,7,4,7,3,7,2,7,1,8,8,8,7,8,6,8,5,8,4,8,3,8,2,8,1,9,8,9,7,9,6,9,5,9,4,9,3,9,2,9,1,10,8,10,7,10,6,10,5,10,4,10,3,10,2,10,1,11,8,11,7,11,6,11,5,11,4,11,3,11,2,11,1,12,8,12,7,12,6,12,5,12,4,12,3,12,2,12,1
82,82,,1,8,1,7,1,6,1,5,1,4,1,3,1,2,1,1,2,8,2,7,2,6,2,5,2,4,2,3,2,2,2,1,3,8,3,7,3,6,3,5,3,4,3,3,3,2,3,1,4,8,4,7,4,6,4,5,4,4,4,3,4,2,4,1,5,8,5,7,5,6,5,5,5,4,5,3,5,2,5,1,6,8,6,7,6,6,6,5,6,4,6,3,6,2,6,1,7,8,7,7,7,6,7,5,7,4,7,3,7,2,7,1,8,8,8,7,8,6,8,5,8,4,8,3,8,2,8,1,9,8,9,7,9,6,9,5,9,4,9,3,9,2,9,1,10,8,10,7,10,6,10,5,10,4,10,3,10,2,10,1,11,8,11,7,11,6,11,5,11,4,11,3,11,2,11,1,12,8,12,7,12,6,12,5,12,4,12,3,12,2,12,1
83,83,,1,8,1,7,1,6,1,5,1,4,1,3,1,2,1,1,2,8,2,7,2,6,2,5,2,4,2,3,2,2,2,1,3,8,3,7,3,6,3,5,3,4,3,3,3,2,3,1,4,8,4,7,4,6,4,5,4,4,4,3,4,2,4,1,5,8,5,7,5,6,5,5,5,4,5,3,5,2,5,1,6,8,6,7,6,6,6,5,6,4,6,3,6,2,6,1,7,8,7,7,7,6,7,5,7,4,7,3,7,2,7,1,8,8,8,7,8,6,8,5,8,4,8,3,8,2,8,1,9,8,9,7,9,6,9,5,9,4,9,3,9,2,9,1,10,8,10,7,10,6,10,5,10,4,10,3,10,2,10,1,11,8,11,7,11,6,11,5,11,4,11,3,11,2,11,1,12,8,12,7,12,6,12,5,12,4,12,3,12,2,12,1
84,84,,1,8,1,7,1,6,1,5,1,4,1,3,1,2,1,1,2,8,2,7,2,6,2,5,2,4,2,3,2,2,2,1,3,8,3,7,3,6,3,5,3,4,3,3,3,2,3,1,4,8,4,7,4,6,4,5,4,4,4,3,4,2,4,1,5,8,5,7,5,6,5,5,5,4,5,3,5,2,5,1,6,8,6,7,6,6,6,5,6,4,6,3,6,2,6,1,7,8,7,7,7,6,7,5,7,4,7,3,7,2,7,1,8,8,8,7,8,6,8,5,8,4,8,3,8,2,8,1,9,8,9,7,9,6,9,5,9,4,9,3,9,2,9,1,10,8,10,7,10,6,10,5,10,4,10,3,10,2,10,1,11,8,11,7,11,6,11,5,11,4,11,3,11,2,11,1,12,8,12,7,12,6,12,5,12,4,12,3,12,2,12,1
85,85,,1,8,1,7,1,6,1,5,1,4,1,3,1,2,1,1,2,8,2,7,2,6,2,5,2,4,2,3,2,2,2,1,3,8,3,7,3,6,3,5,3,4,3,3,3,2,3,1,4,8,4,7,4,6,4,5,4,4,4,3,4,2,4,1,5,8,5,7,5,6,5,5,5,4,5,3,5,2,5,1,6,8,6,7,6,6,6,5,6,4,6,3,6,2,6,1,7,8,7,7,7,6,7,5,7,4,7,3,7,2,7,1,8,8,8,7,8,6,8,5,8,4,8,3,8,2,8,1,9,8,9,7,9,6,9,5,9,4,9,3,9,2,9,1,10,8,10,7,10,6,10,5,10,4,10,3,10,2,10,1,11,8,11,7,11,6,11,5,11,4,11,3,11,2,11,1,12,8,12,7,12,6,12,5,12,4,12,3,12,2,12,1
86,86,,1,8,1,7,1,6,1,5,1,4,1,3,1,2,1,1,2,8,2,7,2,6,2,5,2,4,2,3,2,2,2,1,3,8,3,7,3,6,3,5,3,4,3,3,3,2,3,1,4,8,4,7,4,6,4,5,4,4,4,3,4,2,4,1,5,8,5,7,5,6,5,5,5,4,5,3,5,2,5,1,6,8,6,7,6,6,6,5,6,4,6,3,6,2,6,1,7,8,7,7,7,6,7,5,7,4,7,3,7,2,7,1,8,8,8,7,8,6,8,5,8,4,8,3,8,2,8,1,9,8,9,7,9,6,9,5,9,4,9,3,9,2,9,1,10,8,10,7,10,6,10,5,10,4,10,3,10,2,10,1,11,8,11,7,11,6,11,5,11,4,11,3,11,2,11,1,12,8,12,7,12,6,12,5,12,4,12,3,12,2,12,1
87,87,,1,8,1,7,1,6,1,5,1,4,1,3,1,2,1,1,2,8,2,7,2,6,2,5,2,4,2,3,2,2,2,1,3,8,3,7,3,6,3,5,3,4,3,3,3,2,3,1,4,8,4,7,4,6,4,5,4,4,4,3,4,2,4,1,5,8,5,7,5,6,5,5,5,4,5,3,5,2,5,1,6,8,6,7,6,6,6,5,6,4,6,3,6,2,6,1,7,8,7,7,7,6,7,5,7,4,7,3,7,2,7,1,8,8,8,7,8,6,8,5,8,4,8,3,8,2,8,1,9,8,9,7,9,6,9,5,9,4,9,3,9,2,9,1,10,8,10,7,10,6,10,5,10,4,10,3,10,2,10,1,11,8,11,7,11,6,11,5,11,4,11,3,11,2,11,1,12,8,12,7,12,6,12,5,12,4,12,3,12,2,12,1
88,88,,1,8,1,7,1,6,1,5,1,4,1,3,1,2,1,1,2,8,2,7,2,6,2,5,2,4,2,3,2,2,2,1,3,8,3,7,3,6,3,5,3,4,3,3,3,2,3,1,4,8,4,7,4,6,4,5,4,4,4,3,4,2,4,1,5,8,5,7,5,6,5,5,5,4,5,3,5,2,5,1,6,8,6,7,6,6,6,5,6,4,6,3,6,2,6,1,7,8,7,7,7,6,7,5,7,4,7,3,7,2,7,1,8,8,8,7,8,6,8,5,8,4,8,3,8,2,8,1,9,8,9,7,9,6,9,5,9,4,9,3,9,2,9,1,10,8,10,7,10,6,10,5,10,4,10,3,10,2,10,1,11,8,11,7,11,6,11,5,11,4,11,3,11,2,11,1,12,8,12,7,12,6,12,5,12,4,12,3,12,2,12,1
89,89,,1,8,1,7,1,6,1,5,1,4,1,3,1,2,1,1,2,8,2,7,2,6,2,5,2,4,2,3,2,2,2,1,3,8,3,7,3,6,3,5,3,4,3,3,3,2,3,1,4,8,4,7,4,6,4,5,4,4,4,3,4,2,4,1,5,8,5,7,5,6,5,5,5,4,5,3,5,2,5,1,6,8,6,7,6,6,6,5,6,4,6,3,6,2,6,1,7,8,7,7,7,6,7,5,7,4,7,3,7,2,7,1,8,8,8,7,8,6,8,5,8,4,8,3,8,2,8,1,9,8,9,7,9,6,9,5,9,4,9,3,9,2,9,1,10,8,10,7,10,6,10,5,10,4,10,3,10,2,10,1,11,8,11,7,11,6,11,5,11,4,11,3,11,2,11,1,12,8,12,7,12,6,12,5,12,4,12,3,12,2,12,1
90,90,,1,8,1,7,1,6,1,5,1,4,1,3,1,2,1,1,2,8,2,7,2,6,2,5,2,4,2,3,2,2,2,1,3,8,3,7,3,6,3,5,3,4,3,3,3,2,3,1,4,8,4,7,4,6,4,5,4,4,4,3,4,2,4,1,5,8,5,7,5,6,5,5,5,4,5,3,5,2,5,1,6,8,6,7,6,6,6,5,6,4,6,3,6,2,6,1,7,8,7,7,7,6,7,5,7,4,7,3,7,2,7,1,8,8,8,7,8,6,8,5,8,4,8,3,8,2,8,1,9,8,9,7,9,6,9,5,9,4,9,3,9,2,9,1,10,8,10,7,10,6,10,5,10,4,10,3,10,2,10,1,11,8,11,7,11,6,11,5,11,4,11,3,11,2,11,1,12,8,12,7,12,6,12,5,12,4,12,3,12,2,12,1
91,91,,1,8,1,7,1,6,1,5,1,4,1,3,1,2,1,1,2,8,2,7,2,6,2,5,2,4,2,3,2,2,2,1,3,8,3,7,3,6,3,5,3,4,3,3,3,2,3,1,4,8,4,7,4,6,4,5,4,4,4,3,4,2,4,1,5,8,5,7,5,6,5,5,5,4,5,3,5,2,5,1,6,8,6,7,6,6,6,5,6,4,6,3,6,2,6,1,7,8,7,7,7,6,7,5,7,4,7,3,7,2,7,1,8,8,8,7,8,6,8,5,8,4,8,3,8,2,8,1,9,8,9,7,9,6,9,5,9,4,9,3,9,2,9,1,10,8,10,7,10,6,10,5,10,4,10,3,10,2,10,1,11,8,11,7,11,6,11,5,11,4,11,3,11,2,11,1,12,8,12,7,12,6,12,5,12,4,12,3,12,2,12,1
92,92,,1,8,1,7,1,6,1,5,1,4,1,3,1,2,1,1,2,8,2,7,2,6,2,5,2,4,2,3,2,2,2,1,3,8,3,7,3,6,3,5,3,4,3,3,3,2,3,1,4,8,4,7,4,6,4,5,4,4,4,3,4,2,4,1,5,8,5,7,5,6,5,5,5,4,5,3,5,2,5,1,6,8,6,7,6,6,6,5,6,4,6,3,6,2,6,1,7,8,7,7,7,6,7,5,7,4,7,3,7,2,7,1,8,8,8,7,8,6,8,5,8,4,8,3,8,2,8,1,9,8,9,7,9,6,9,5,9,4,9,3,9,2,9,1,10,8,10,7,10,6,10,5,10,4,10,3,10,2,10,1,11,8,11,7,11,6,11,5,11,4,11,3,11,2,11,1,12,8,12,7,12,6,12,5,12,4,12,3,12,2,12,1
93,93,,1,8,1,7,1,6,1,5,1,4,1,3,1,2,1,1,2,8,2,7,2,6,2,5,2,4,2,3,2,2,2,1,3,8,3,7,3,6,3,5,3,4,3,3,3,2,3,1,4,8,4,7,4,6,4,5,4,4,4,3,4,2,4,1,5,8,5,7,5,6,5,5,5,4,5,3,5,2,5,1,6,8,6,7,6,6,6,5,6,4,6,3,6,2,6,1,7,8,7,7,7,6,7,5,7,4,7,3,7,2,7,1,8,8,8,7,8,6,8,5,8,4,8,3,8,2,8,1,9,8,9,7,9,6,9,5,9,4,9,3,9,2,9,1,10,8,10,7,10,6,10,5,10,4,10,3,10,2,10,1,11,8,11,7,11,6,11,5,11,4,11,3,11,2,11,1,12,8,12,7,12,6,12,5,12,4,12,3,12,2,12,1
94,94,,1,8,1,7,1,6,1,5,1,4,1,3,1,2,1,1,2,8,2,7,2,6,2,5,2,4,2,3,2,2,2,1,3,8,3,7,3,6,3,5,3,4,3,3,3,2,3,1,4,8,4,7,4,6,4,5,4,4,4,3,4,2,4,1,5,8,5,7,5,6,5,5,5,4,5,3,5,2,5,1,6,8,6,7,6,6,6,5,6,4,6,3,6,2,6,1,7,8,7,7,7,6,7,5,7,4,7,3,7,2,7,1,8,8,8,7,8,6,8,5,8,4,8,3,8,2,8,1,9,8,9,7,9,6,9,5,9,4,9,3,9,2,9,1,10,8,10,7,10,6,10,5,10,4,10,3,10,2,10,1,11,8,11,7,11,6,11,5,11,4,11,3,11,2,11,1,12,8,12,7,12,6,12,5,12,4,12,3,12,2,12,1
95,95,,1,8,1,7,1,6,1,5,1,4,1,3,1,2,1,1,2,8,2,7,2,6,2,5,2,4,2,3,2,2,2,1,3,8,3,7,3,6,3,5,3,4,3,3,3,2,3,1,4,8,4,7,4,6,4,5,4,4,4,3,4,2,4,1,5,8,5,7,5,6,5,5,5,4,5,3,5,2,5,1,6,8,6,7,6,6,6,5,6,4,6,3,6,2,6,1,7,8,7,7,7,6,7,5,7,4,7,3,7,2,7,1,8,8,8,7,8,6,8,5,8,4,8,3,8,2,8,1,9,8,9,7,9,6,9,5,9,4,9,3,9,2,9,1,10,8,10,7,10,6,10,5,10,4,10,3,10,2,10,1,11,8,11,7,11,6,11,5,11,4,11,3,11,2,11,1,12,8,12,7,12,6,12,5,12,4,12,3,12,2,12,1
96,96,,1,8,1,7,1,6,1,5,1,4,1,3,1,2,1,1,2,8,2,7,2,6,2,5,2,4,2,3,2,2,2,1,3,8,3,7,3,6,3,5,3,4,3,3,3,2,3,1,4,8,4,7,4,6,4,5,4,4,4,3,4,2,4,1,5,8,5,7,5,6,5,5,5,4,5,3,5,2,5,1,6,8,6,7,6,6,6,5,6,4,6,3,6,2,6,1,7,8,7,7,7,6,7,5,7,4,7,3,7,2,7,1,8,8,8,7,8,6,8,5,8,4,8,3,8,2,8,1,9,8,9,7,9,6,9,5,9,4,9,3,9,2,9,1,10,8,10,7,10,6,10,5,10,4,10,3,10,2,10,1,11,8,11,7,11,6,11,5,11,4,11,3,11,2,11,1,12,8,12,7,12,6,12,5,12,4,12,3,12,2,12,1
97,97,,1,8,1,7,1,6,1,5,1,4,1,3,1,2,1,1,2,8,2,7,2,6,2,5,2,4,2,3,2,2,2,1,3,8,3,7,3,6,3,5,3,4,3,3,3,2,3,1,4,8,4,7,4,6,4,5,4,4,4,3,4,2,4,1,5,8,5,7,5,6,5,5,5,4,5,3,5,2,5,1,6,8,6,7,6,6,6,5,6,4,6,3,6,2,6,1,7,8,7,7,7,6,7,5,7,4,7,3,7,2,7,1,8,8,8,7,8,6,8,5,8,4,8,3,8,2,8,1,9,8,9,7,9,6,9,5,9,4,9,3,9,2,9,1,10,8,10,7,10,6,10,5,10,4,10,3,10,2,10,1,11,8,11,7,11,6,11,5,11,4,11,3,11,2,11,1,12,8,12,7,12,6,12,5,12,4,12,3,12,2,12,1
98,98,,1,8,1,7,1,6,1,5,1,4,1,3,1,2,1,1,2,8,2,7,2,6,2,5,2,4,2,3,2,2,2,1,3,8,3,7,3,6,3,5,3,4,3,3,3,2,3,1,4,8,4,7,4,6,4,5,4,4,4,3,4,2,4,1,5,8,5,7,5,6,5,5,5,4,5,3,5,2,5,1,6,8,6,7,6,6,6,5,6,4,6,3,6,2,6,1,7,8,7,7,7,6,7,5,7,4,7,3,7,2,7,1,8,8,8,7,8,6,8,5,8,4,8,3,8,2,8,1,9,8,9,7,9,6,9,5,9,4,9,3,9,2,9,1,10,8,10,7,10,6,10,5,10,4,10,3,10,2,10,1,11,8,11,7,11,6,11,5,11,4,11,3,11,2,11,1,12,8,12,7,12,6,12,5,12,4,12,3,12,2,12,1
99,99,,1,8,1,7,1,6,1,5,1,4,1,3,1,2,1,1,2,8,2,7,2,6,2,5,2,4,2,3,2,2,2,1,3,8,3,7,3,6,3,5,3,4,3,3,3,2,3,1,4,8,4,7,4,6,4,5,4,4,4,3,4,2,4,1,5,8,5,7,5,6,5,5,5,4,5,3,5,2,5,1,6,8,6,7,6,6,6,5,6,4,6,3,6,2,6,1,7,8,7,7,7,6,7,5,7,4,7,3,7,2,7,1,8,8,8,7,8,6,8,5,8,4,8,3,8,2,8,1,9,8,9,7,9,6,9,5,9,4,9,3,9,2,9,1,10,8,10,7,10,6,10,5,10,4,10,3,10,2,10,1,11,8,11,7,11,6,11,5,11,4,11,3,11,2,11,1,12,8,12,7,12,6,12,5,12,4,12,3,12,2,12,1
100,100,,1,8,1,7,1,6,1,5,1,4,1,3,1,2,1,1,2,8,2,7,2,6,2,5,2,4,2,3,2,2,2,1,3,8,3,7,3,6,3,5,3,4,3,3,3,2,3,1,4,8,4,7,4,6,4,5,4,4,4,3,4,2,4,1,5,8,5,7,5,6,5,5,5,4,5,3,5,2,5,1,6,8,6,7,6,6,6,5,6,4,6,3,6,2,6,1,7,8,7,7,7,6,7,5,7,4,7,3,7,2,7,1,8,8,8,7,8,6,8,5,8,4,8,3,8,2,8,1,9,8,9,7,9,6,9,5,9,4,9,3,9,2,9,1,10,8,10,7,10,6,10,5,10,4,10,3,10,2,10,1,11,8,11,7,11,6,11,5,11,4,11,3,11,2,11,1,12,8,12,7,12,6,12,5,12,4,12,3,12,2,12,1
101,101,,1,8,1,7,1,6,1,5,1,4,1,3,1,2,1,1,2,8,2,7,2,6,2,5,2,4,2,3,2,2,2,1,3,8,3,7,3,6,3,5,3,4,3,3,3,2,3,1,4,8,4,7,4,6,4,5,4,4,4,3,4,2,4,1,5,8,5,7,5,6,5,5,5,4,5,3,5,2,5,1,6,8,6,7,6,6,6,5,6,4,6,3,6,2,6,1,7,8,7,7,7,6,7,5,7,4,7,3,7,2,7,1,8,8,8,7,8,6,8,5,8,4,8,3,8,2,8,1,9,8,9,7,9,6,9,5,9,4,9,3,9,2,9,1,10,8,10,7,10,6,10,5,10,4,10,3,10,2,10,1,11,8,11,7,11,6,11,5,11,4,11,3,11,2,11,1,12,8,12,7,12,6,12,5,12,4,12,3,12,2,12,1
102,102,,1,8,1,7,1,6,1,5,1,4,1,3,1,2,1,1,2,8,2,7,2,6,2,5,2,4,2,3,2,2,2,1,3,8,3,7,3,6,3,5,3,4,3,3,3,2,3,1,4,8,4,7,4,6,4,5,4,4,4,3,4,2,4,1,5,8,5,7,5,6,5,5,5,4,5,3,5,2,5,1,6,8,6,7,6,6,6,5,6,4,6,3,6,2,6,1,7,8,7,7,7,6,7,5,7,4,7,3,7,2,7,1,8,8,8,7,8,6,8,5,8,4,8,3,8,2,8,1,9,8,9,7,9,6,9,5,9,4,9,3,9,2,9,1,10,8,10,7,10,6,10,5,10,4,10,3,10,2,10,1,11,8,11,7,11,6,11,5,11,4,11,3,11,2,11,1,12,8,12,7,12,6,12,5,12,4,12,3,12,2,12,1
103,103,,1,8,1,7,1,6,1,5,1,4,1,3,1,2,1,1,2,8,2,7,2,6,2,5,2,4,2,3,2,2,2,1,3,8,3,7,3,6,3,5,3,4,3,3,3,2,3,1,4,8,4,7,4,6,4,5,4,4,4,3,4,2,4,1,5,8,5,7,5,6,5,5,5,4,5,3,5,2,5,1,6,8,6,7,6,6,6,5,6,4,6,3,6,2,6,1,7,8,7,7,7,6,7,5,7,4,7,3,7,2,7,1,8,8,8,7,8,6,8,5,8,4,8,3,8,2,8,1,9,8,9,7,9,6,9,5,9,4,9,3,9,2,9,1,10,8,10,7,10,6,10,5,10,4,10,3,10,2,10,1,11,8,11,7,11,6,11,5,11,4,11,3,11,2,11,1,12,8,12,7,12,6,12,5,12,4,12,3,12,2,12,1
104,104,,1,8,1,7,1,6,1,5,1,4,1,3,1,2,1,1,2,8,2,7,2,6,2,5,2,4,2,3,2,2,2,1,3,8,3,7,3,6,3,5,3,4,3,3,3,2,3,1,4,8,4,7,4,6,4,5,4,4,4,3,4,2,4,1,5,8,5,7,5,6,5,5,5,4,5,3,5,2,5,1,6,8,6,7,6,6,6,5,6,4,6,3,6,2,6,1,7,8,7,7,7,6,7,5,7,4,7,3,7,2,7,1,8,8,8,7,8,6,8,5,8,4,8,3,8,2,8,1,9,8,9,7,9,6,9,5,9,4,9,3,9,2,9,1,10,8,10,7,10,6,10,5,10,4,10,3,10,2,10,1,11,8,11,7,11,6,11,5,11,4,11,3,11,2,11,1,12,8,12,7,12,6,12,5,12,4,12,3,12,2,12,1
105,105,,1,8,1,7,1,6,1,5,1,4,1,3,1,2,1,1,2,8,2,7,2,6,2,5,2,4,2,3,2,2,2,1,3,8,3,7,3,6,3,5,3,4,3,3,3,2,3,1,4,8,4,7,4,6,4,5,4,4,4,3,4,2,4,1,5,8,5,7,5,6,5,5,5,4,5,3,5,2,5,1,6,8,6,7,6,6,6,5,6,4,6,3,6,2,6,1,7,8,7,7,7,6,7,5,7,4,7,3,7,2,7,1,8,8,8,7,8,6,8,5,8,4,8,3,8,2,8,1,9,8,9,7,9,6,9,5,9,4,9,3,9,2,9,1,10,8,10,7,10,6,10,5,10,4,10,3,10,2,10,1,11,8,11,7,11,6,11,5,11,4,11,3,11,2,11,1,12,8,12,7,12,6,12,5,12,4,12,3,12,2,12,1
106,106,,1,8,1,7,1,6,1,5,1,4,1,3,1,2,1,1,2,8,2,7,2,6,2,5,2,4,2,3,2,2,2,1,3,8,3,7,3,6,3,5,3,4,3,3,3,2,3,1,4,8,4,7,4,6,4,5,4,4,4,3,4,2,4,1,5,8,5,7,5,6,5,5,5,4,5,3,5,2,5,1,6,8,6,7,6,6,6,5,6,4,6,3,6,2,6,1,7,8,7,7,7,6,7,5,7,4,7,3,7,2,7,1,8,8,8,7,8,6,8,5,8,4,8,3,8,2,8,1,9,8,9,7,9,6,9,5,9,4,9,3,9,2,9,1,10,8,10,7,10,6,10,5,10,4,10,3,10,2,10,1,11,8,11,7,11,6,11,5,11,4,11,3,11,2,11,1,12,8,12,7,12,6,12,5,12,4,12,3,12,2,12,1
107,107,,1,8,1,7,1,6,1,5,1,4,1,3,1,2,1,1,2,8,2,7,2,6,2,5,2,4,2,3,2,2,2,1,3,8,3,7,3,6,3,5,3,4,3,3,3,2,3,1,4,8,4,7,4,6,4,5,4,4,4,3,4,2,4,1,5,8,5,7,5,6,5,5,5,4,5,3,5,2,5,1,6,8,6,7,6,6,6,5,6,4,6,3,6,2,6,1,7,8,7,7,7,6,7,5,7,4,7,3,7,2,7,1,8,8,8,7,8,6,8,5,8,4,8,3,8,2,8,1,9,8,9,7,9,6,9,5,9,4,9,3,9,2,9,1,10,8,10,7,10,6,10,5,10,4,10,3,10,2,10,1,11,8,11,7,11,6,11,5,11,4,11,3,11,2,11,1,12,8,12,7,12,6,12,5,12,4,12,3,12,2,12,1
108,108,,1,8,1,7,1,6,1,5,1,4,1,3,1,2,1,1,2,8,2,7,2,6,2,5,2,4,2,3,2,2,2,1,3,8,3,7,3,6,3,5,3,4,3,3,3,2,3,1,4,8,4,7,4,6,4,5,4,4,4,3,4,2,4,1,5,8,5,7,5,6,5,5,5,4,5,3,5,2,5,1,6,8,6,7,6,6,6,5,6,4,6,3,6,2,6,1,7,8,7,7,7,6,7,5,7,4,7,3,7,2,7,1,8,8,8,7,8,6,8,5,8,4,8,3,8,2,8,1,9,8,9,7,9,6,9,5,9,4,9,3,9,2,9,1,10,8,10,7,10,6,10,5,10,4,10,3,10,2,10,1,11,8,11,7,11,6,11,5,11,4,11,3,11,2,11,1,12,8,12,7,12,6,12,5,12,4,12,3,12,2,12,1
109,109,,1,8,1,7,1,6,1,5,1,4,1,3,1,2,1,1,2,8,2,7,2,6,2,5,2,4,2,3,2,2,2,1,3,8,3,7,3,6,3,5,3,4,3,3,3,2,3,1,4,8,4,7,4,6,4,5,4,4,4,3,4,2,4,1,5,8,5,7,5,6,5,5,5,4,5,3,5,2,5,1,6,8,6,7,6,6,6,5,6,4,6,3,6,2,6,1,7,8,7,7,7,6,7,5,7,4,7,3,7,2,7,1,8,8,8,7,8,6,8,5,8,4,8,3,8,2,8,1,9,8,9,7,9,6,9,5,9,4,9,3,9,2,9,1,10,8,10,7,10,6,10,5,10,4,10,3,10,2,10,1,11,8,11,7,11,6,11,5,11,4,11,3,11,2,11,1,12,8,12,7,12,6,12,5,12,4,12,3,12,2,12,1
110,110,,1,8,1,7,1,6,1,5,1,4,1,3,1,2,1,1,2,8,2,7,2,6,2,5,2,4,2,3,2,2,2,1,3,8,3,7,3,6,3,5,3,4,3,3,3,2,3,1,4,8,4,7,4,6,4,5,4,4,4,3,4,2,4,1,5,8,5,7,5,6,5,5,5,4,5,3,5,2,5,1,6,8,6,7,6,6,6,5,6,4,6,3,6,2,6,1,7,8,7,7,7,6,7,5,7,4,7,3,7,2,7,1,8,8,8,7,8,6,8,5,8,4,8,3,8,2,8,1,9,8,9,7,9,6,9,5,9,4,9,3,9,2,9,1,10,8,10,7,10,6,10,5,10,4,10,3,10,2,10,1,11,8,11,7,11,6,11,5,11,4,11,3,11,2,11,1,12,8,12,7,12,6,12,5,12,4,12,3,12,2,12,1
111,111,,1,8,1,7,1,6,1,5,1,4,1,3,1,2,1,1,2,8,2,7,2,6,2,5,2,4,2,3,2,2,2,1,3,8,3,7,3,6,3,5,3,4,3,3,3,2,3,1,4,8,4,7,4,6,4,5,4,4,4,3,4,2,4,1,5,8,5,7,5,6,5,5,5,4,5,3,5,2,5,1,6,8,6,7,6,6,6,5,6,4,6,3,6,2,6,1,7,8,7,7,7,6,7,5,7,4,7,3,7,2,7,1,8,8,8,7,8,6,8,5,8,4,8,3,8,2,8,1,9,8,9,7,9,6,9,5,9,4,9,3,9,2,9,1,10,8,10,7,10,6,10,5,10,4,10,3,10,2,10,1,11,8,11,7,11,6,11,5,11,4,11,3,11,2,11,1,12,8,12,7,12,6,12,5,12,4,12,3,12,2,12,1
112,112,,1,8,1,7,1,6,1,5,1,4,1,3,1,2,1,1,2,8,2,7,2,6,2,5,2,4,2,3,2,2,2,1,3,8,3,7,3,6,3,5,3,4,3,3,3,2,3,1,4,8,4,7,4,6,4,5,4,4,4,3,4,2,4,1,5,8,5,7,5,6,5,5,5,4,5,3,5,2,5,1,6,8,6,7,6,6,6,5,6,4,6,3,6,2,6,1,7,8,7,7,7,6,7,5,7,4,7,3,7,2,7,1,8,8,8,7,8,6,8,5,8,4,8,3,8,2,8,1,9,8,9,7,9,6,9,5,9,4,9,3,9,2,9,1,10,8,10,7,10,6,10,5,10,4,10,3,10,2,10,1,11,8,11,7,11,6,11,5,11,4,11,3,11,2,11,1,12,8,12,7,12,6,12,5,12,4,12,3,12,2,12,1
113,113,,1,8,1,7,1,6,1,5,1,4,1,3,1,2,1,1,2,8,2,7,2,6,2,5,2,4,2,3,2,2,2,1,3,8,3,7,3,6,3,5,3,4,3,3,3,2,3,1,4,8,4,7,4,6,4,5,4,4,4,3,4,2,4,1,5,8,5,7,5,6,5,5,5,4,5,3,5,2,5,1,6,8,6,7,6,6,6,5,6,4,6,3,6,2,6,1,7,8,7,7,7,6,7,5,7,4,7,3,7,2,7,1,8,8,8,7,8,6,8,5,8,4,8,3,8,2,8,1,9,8,9,7,9,6,9,5,9,4,9,3,9,2,9,1,10,8,10,7,10,6,10,5,10,4,10,3,10,2,10,1,11,8,11,7,11,6,11,5,11,4,11,3,11,2,11,1,12,8,12,7,12,6,12,5,12,4,12,3,12,2,12,1
114,114,,1,8,1,7,1,6,1,5,1,4,1,3,1,2,1,1,2,8,2,7,2,6,2,5,2,4,2,3,2,2,2,1,3,8,3,7,3,6,3,5,3,4,3,3,3,2,3,1,4,8,4,7,4,6,4,5,4,4,4,3,4,2,4,1,5,8,5,7,5,6,5,5,5,4,5,3,5,2,5,1,6,8,6,7,6,6,6,5,6,4,6,3,6,2,6,1,7,8,7,7,7,6,7,5,7,4,7,3,7,2,7,1,8,8,8,7,8,6,8,5,8,4,8,3,8,2,8,1,9,8,9,7,9,6,9,5,9,4,9,3,9,2,9,1,10,8,10,7,10,6,10,5,10,4,10,3,10,2,10,1,11,8,11,7,11,6,11,5,11,4,11,3,11,2,11,1,12,8,12,7,12,6,12,5,12,4,12,3,12,2,12,1
115,115,,1,8,1,7,1,6,1,5,1,4,1,3,1,2,1,1,2,8,2,7,2,6,2,5,2,4,2,3,2,2,2,1,3,8,3,7,3,6,3,5,3,4,3,3,3,2,3,1,4,8,4,7,4,6,4,5,4,4,4,3,4,2,4,1,5,8,5,7,5,6,5,5,5,4,5,3,5,2,5,1,6,8,6,7,6,6,6,5,6,4,6,3,6,2,6,1,7,8,7,7,7,6,7,5,7,4,7,3,7,2,7,1,8,8,8,7,8,6,8,5,8,4,8,3,8,2,8,1,9,8,9,7,9,6,9,5,9,4,9,3,9,2,9,1,10,8,10,7,10,6,10,5,10,4,10,3,10,2,10,1,11,8,11,7,11,6,11,5,11,4,11,3,11,2,11,1,12,8,12,7,12,6,12,5,12,4,12,3,12,2,12,1
116,116,,1,8,1,7,1,6,1,5,1,4,1,3,1,2,1,1,2,8,2,7,2,6,2,5,2,4,2,3,2,2,2,1,3,8,3,7,3,6,3,5,3,4,3,3,3,2,3,1,4,8,4,7,4,6,4,5,4,4,4,3,4,2,4,1,5,8,5,7,5,6,5,5,5,4,5,3,5,2,5,1,6,8,6,7,6,6,6,5,6,4,6,3,6,2,6,1,7,8,7,7,7,6,7,5,7,4,7,3,7,2,7,1,8,8,8,7,8,6,8,5,8,4,8,3,8,2,8,1,9,8,9,7,9,6,9,5,9,4,9,3,9,2,9,1,10,8,10,7,10,6,10,5,10,4,10,3,10,2,10,1,11,8,11,7,11,6,11,5,11,4,11,3,11,2,11,1,12,8,12,7,12,6,12,5,12,4,12,3,12,2,12,1
117,117,,1,8,1,7,1,6,1,5,1,4,1,3,1,2,1,1,2,8,2,7,2,6,2,5,2,4,2,3,2,2,2,1,3,8,3,7,3,6,3,5,3,4,3,3,3,2,3,1,4,8,4,7,4,6,4,5,4,4,4,3,4,2,4,1,5,8,5,7,5,6,5,5,5,4,5,3,5,2,5,1,6,8,6,7,6,6,6,5,6,4,6,3,6,2,6,1,7,8,7,7,7,6,7,5,7,4,7,3,7,2,7,1,8,8,8,7,8,6,8,5,8,4,8,3,8,2,8,1,9,8,9,7,9,6,9,5,9,4,9,3,9,2,9,1,10,8,10,7,10,6,10,5,10,4,10,3,10,2,10,1,11,8,11,7,11,6,11,5,11,4,11,3,11,2,11,1,12,8,12,7,12,6,12,5,12,4,12,3,12,2,12,1
118,118,,1,8,1,7,1,6,1,5,1,4,1,3,1,2,1,1,2,8,2,7,2,6,2,5,2,4,2,3,2,2,2,1,3,8,3,7,3,6,3,5,3,4,3,3,3,2,3,1,4,8,4,7,4,6,4,5,4,4,4,3,4,2,4,1,5,8,5,7,5,6,5,5,5,4,5,3,5,2,5,1,6,8,6,7,6,6,6,5,6,4,6,3,6,2,6,1,7,8,7,7,7,6,7,5,7,4,7,3,7,2,7,1,8,8,8,7,8,6,8,5,8,4,8,3,8,2,8,1,9,8,9,7,9,6,9,5,9,4,9,3,9,2,9,1,10,8,10,7,10,6,10,5,10,4,10,3,10,2,10,1,11,8,11,7,11,6,11,5,11,4,11,3,11,2,11,1,12,8,12,7,12,6,12,5,12,4,12,3,12,2,12,1
119,119,,1,8,1,7,1,6,1,5,1,4,1,3,1,2,1,1,2,8,2,7,2,6,2,5,2,4,2,3,2,2,2,1,3,8,3,7,3,6,3,5,3,4,3,3,3,2,3,1,4,8,4,7,4,6,4,5,4,4,4,3,4,2,4,1,5,8,5,7,5,6,5,5,5,4,5,3,5,2,5,1,6,8,6,7,6,6,6,5,6,4,6,3,6,2,6,1,7,8,7,7,7,6,7,5,7,4,7,3,7,2,7,1,8,8,8,7,8,6,8,5,8,4,8,3,8,2,8,1,9,8,9,7,9,6,9,5,9,4,9,3,9,2,9,1,10,8,10,7,10,6,10,5,10,4,10,3,10,2,10,1,11,8,11,7,11,6,11,5,11,4,11,3,11,2,11,1,12,8,12,7,12,6,12,5,12,4,12,3,12,2,12,1
120,120,,1,8,1,7,1,6,1,5,1,4,1,3,1,2,1,1,2,8,2,7,2,6,2,5,2,4,2,3,2,2,2,1,3,8,3,7,3,6,3,5,3,4,3,3,3,2,3,1,4,8,4,7,4,6,4,5,4,4,4,3,4,2,4,1,5,8,5,7,5,6,5,5,5,4,5,3,5,2,5,1,6,8,6,7,6,6,6,5,6,4,6,3,6,2,6,1,7,8,7,7,7,6,7,5,7,4,7,3,7,2,7,1,8,8,8,7,8,6,8,5,8,4,8,3,8,2,8,1,9,8,9,7,9,6,9,5,9,4,9,3,9,2,9,1,10,8,10,7,10,6,10,5,10,4,10,3,10,2,10,1,11,8,11,7,11,6,11,5,11,4,11,3,11,2,11,1,12,8,12,7,12,6,12,5,12,4,12,3,12,2,12,1
121,121,,1,8,1,7,1,6,1,5,1,4,1,3,1,2,1,1,2,8,2,7,2,6,2,5,2,4,2,3,2,2,2,1,3,8,3,7,3,6,3,5,3,4,3,3,3,2,3,1,4,8,4,7,4,6,4,5,4,4,4,3,4,2,4,1,5,8,5,7,5,6,5,5,5,4,5,3,5,2,5,1,6,8,6,7,6,6,6,5,6,4,6,3,6,2,6,1,7,8,7,7,7,6,7,5,7,4,7,3,7,2,7,1,8,8,8,7,8,6,8,5,8,4,8,3,8,2,8,1,9,8,9,7,9,6,9,5,9,4,9,3,9,2,9,1,10,8,10,7,10,6,10,5,10,4,10,3,10,2,10,1,11,8,11,7,11,6,11,5,11,4,11,3,11,2,11,1,12,8,12,7,12,6,12,5,12,4,12,3,12,2,12,1
122,122,,1,8,1,7,1,6,1,5,1,4,1,3,1,2,1,1,2,8,2,7,2,6,2,5,2,4,2,3,2,2,2,1,3,8,3,7,3,6,3,5,3,4,3,3,3,2,3,1,4,8,4,7,4,6,4,5,4,4,4,3,4,2,4,1,5,8,5,7,5,6,5,5,5,4,5,3,5,2,5,1,6,8,6,7,6,6,6,5,6,4,6,3,6,2,6,1,7,8,7,7,7,6,7,5,7,4,7,3,7,2,7,1,8,8,8,7,8,6,8,5,8,4,8,3,8,2,8,1,9,8,9,7,9,6,9,5,9,4,9,3,9,2,9,1,10,8,10,7,10,6,10,5,10,4,10,3,10,2,10,1,11,8,11,7,11,6,11,5,11,4,11,3,11,2,11,1,12,8,12,7,12,6,12,5,12,4,12,3,12,2,12,1
123,123,,1,8,1,7,1,6,1,5,1,4,1,3,1,2,1,1,2,8,2,7,2,6,2,5,2,4,2,3,2,2,2,1,3,8,3,7,3,6,3,5,3,4,3,3,3,2,3,1,4,8,4,7,4,6,4,5,4,4,4,3,4,2,4,1,5,8,5,7,5,6,5,5,5,4,5,3,5,2,5,1,6,8,6,7,6,6,6,5,6,4,6,3,6,2,6,1,7,8,7,7,7,6,7,5,7,4,7,3,7,2,7,1,8,8,8,7,8,6,8,5,8,4,8,3,8,2,8,1,9,8,9,7,9,6,9,5,9,4,9,3,9,2,9,1,10,8,10,7,10,6,10,5,10,4,10,3,10,2,10,1,11,8,11,7,11,6,11,5,11,4,11,3,11,2,11,1,12,8,12,7,12,6,12,5,12,4,12,3,12,2,12,1
124,124,,1,8,1,7,1,6,1,5,1,4,1,3,1,2,1,1,2,8,2,7,2,6,2,5,2,4,2,3,2,2,2,1,3,8,3,7,3,6,3,5,3,4,3,3,3,2,3,1,4,8,4,7,4,6,4,5,4,4,4,3,4,2,4,1,5,8,5,7,5,6,5,5,5,4,5,3,5,2,5,1,6,8,6,7,6,6,6,5,6,4,6,3,6,2,6,1,7,8,7,7,7,6,7,5,7,4,7,3,7,2,7,1,8,8,8,7,8,6,8,5,8,4,8,3,8,2,8,1,9,8,9,7,9,6,9,5,9,4,9,3,9,2,9,1,10,8,10,7,10,6,10,5,10,4,10,3,10,2,10,1,11,8,11,7,11,6,11,5,11,4,11,3,11,2,11,1,12,8,12,7,12,6,12,5,12,4,12,3,12,2,12,1
125,125,,1,8,1,7,1,6,1,5,1,4,1,3,1,2,1,1,2,8,2,7,2,6,2,5,2,4,2,3,2,2,2,1,3,8,3,7,3,6,3,5,3,4,3,3,3,2,3,1,4,8,4,7,4,6,4,5,4,4,4,3,4,2,4,1,5,8,5,7,5,6,5,5,5,4,5,3,5,2,5,1,6,8,6,7,6,6,6,5,6,4,6,3,6,2,6,1,7,8,7,7,7,6,7,5,7,4,7,3,7,2,7,1,8,8,8,7,8,6,8,5,8,4,8,3,8,2,8,1,9,8,9,7,9,6,9,5,9,4,9,3,9,2,9,1,10,8,10,7,10,6,10,5,10,4,10,3,10,2,10,1,11,8,11,7,11,6,11,5,11,4,11,3,11,2,11,1,12,8,12,7,12,6,12,5,12,4,12,3,12,2,12,1
126,126,,1,8,1,7,1,6,1,5,1,4,1,3,1,2,1,1,2,8,2,7,2,6,2,5,2,4,2,3,2,2,2,1,3,8,3,7,3,6,3,5,3,4,3,3,3,2,3,1,4,8,4,7,4,6,4,5,4,4,4,3,4,2,4,1,5,8,5,7,5,6,5,5,5,4,5,3,5,2,5,1,6,8,6,7,6,6,6,5,6,4,6,3,6,2,6,1,7,8,7,7,7,6,7,5,7,4,7,3,7,2,7,1,8,8,8,7,8,6,8,5,8,4,8,3,8,2,8,1,9,8,9,7,9,6,9,5,9,4,9,3,9,2,9,1,10,8,10,7,10,6,10,5,10,4,10,3,10,2,10,1,11,8,11,7,11,6,11,5,11,4,11,3,11,2,11,1,12,8,12,7,12,6,12,5,12,4,12,3,12,2,12,1
127,127,,1,8,1,7,1,6,1,5,1,4,1,3,1,2,1,1,2,8,2,7,2,6,2,5,2,4,2,3,2,2,2,1,3,8,3,7,3,6,3,5,3,4,3,3,3,2,3,1,4,8,4,7,4,6,4,5,4,4,4,3,4,2,4,1,5,8,5,7,5,6,5,5,5,4,5,3,5,2,5,1,6,8,6,7,6,6,6,5,6,4,6,3,6,2,6,1,7,8,7,7,7,6,7,5,7,4,7,3,7,2,7,1,8,8,8,7,8,6,8,5,8,4,8,3,8,2,8,1,9,8,9,7,9,6,9,5,9,4,9,3,9,2,9,1,10,8,10,7,10,6,10,5,10,4,10,3,10,2,10,1,11,8,11,7,11,6,11,5,11,4,11,3,11,2,11,1,12,8,12,7,12,6,12,5,12,4,12,3,12,2,12,1
128,128,,1,8,1,7,1,6,1,5,1,4,1,3,1,2,1,1,2,8,2,7,2,6,2,5,2,4,2,3,2,2,2,1,3,8,3,7,3,6,3,5,3,4,3,3,3,2,3,1,4,8,4,7,4,6,4,5,4,4,4,3,4,2,4,1,5,8,5,7,5,6,5,5,5,4,5,3,5,2,5,1,6,8,6,7,6,6,6,5,6,4,6,3,6,2,6,1,7,8,7,7,7,6,7,5,7,4,7,3,7,2,7,1,8,8,8,7,8,6,8,5,8,4,8,3,8,2,8,1,9,8,9,7,9,6,9,5,9,4,9,3,9,2,9,1,10,8,10,7,10,6,10,5,10,4,10,3,10,2,10,1,11,8,11,7,11,6,11,5,11,4,11,3,11,2,11,1,12,8,12,7,12,6,12,5,12,4,12,3,12,2,12,1
129,129,,1,8,1,7,1,6,1,5,1,4,1,3,1,2,1,1,2,8,2,7,2,6,2,5,2,4,2,3,2,2,2,1,3,8,3,7,3,6,3,5,3,4,3,3,3,2,3,1,4,8,4,7,4,6,4,5,4,4,4,3,4,2,4,1,5,8,5,7,5,6,5,5,5,4,5,3,5,2,5,1,6,8,6,7,6,6,6,5,6,4,6,3,6,2,6,1,7,8,7,7,7,6,7,5,7,4,7,3,7,2,7,1,8,8,8,7,8,6,8,5,8,4,8,3,8,2,8,1,9,8,9,7,9,6,9,5,9,4,9,3,9,2,9,1,10,8,10,7,10,6,10,5,10,4,10,3,10,2,10,1,11,8,11,7,11,6,11,5,11,4,11,3,11,2,11,1,12,8,12,7,12,6,12,5,12,4,12,3,12,2,12,1
130,130,,1,8,1,7,1,6,1,5,1,4,1,3,1,2,1,1,2,8,2,7,2,6,2,5,2,4,2,3,2,2,2,1,3,8,3,7,3,6,3,5,3,4,3,3,3,2,3,1,4,8,4,7,4,6,4,5,4,4,4,3,4,2,4,1,5,8,5,7,5,6,5,5,5,4,5,3,5,2,5,1,6,8,6,7,6,6,6,5,6,4,6,3,6,2,6,1,7,8,7,7,7,6,7,5,7,4,7,3,7,2,7,1,8,8,8,7,8,6,8,5,8,4,8,3,8,2,8,1,9,8,9,7,9,6,9,5,9,4,9,3,9,2,9,1,10,8,10,7,10,6,10,5,10,4,10,3,10,2,10,1,11,8,11,7,11,6,11,5,11,4,11,3,11,2,11,1,12,8,12,7,12,6,12,5,12,4,12,3,12,2,12,1
131,131,,1,8,1,7,1,6,1,5,1,4,1,3,1,2,1,1,2,8,2,7,2,6,2,5,2,4,2,3,2,2,2,1,3,8,3,7,3,6,3,5,3,4,3,3,3,2,3,1,4,8,4,7,4,6,4,5,4,4,4,3,4,2,4,1,5,8,5,7,5,6,5,5,5,4,5,3,5,2,5,1,6,8,6,7,6,6,6,5,6,4,6,3,6,2,6,1,7,8,7,7,7,6,7,5,7,4,7,3,7,2,7,1,8,8,8,7,8,6,8,5,8,4,8,3,8,2,8,1,9,8,9,7,9,6,9,5,9,4,9,3,9,2,9,1,10,8,10,7,10,6,10,5,10,4,10,3,10,2,10,1,11,8,11,7,11,6,11,5,11,4,11,3,11,2,11,1,12,8,12,7,12,6,12,5,12,4,12,3,12,2,12,1
132,132,,1,8,1,7,1,6,1,5,1,4,1,3,1,2,1,1,2,8,2,7,2,6,2,5,2,4,2,3,2,2,2,1,3,8,3,7,3,6,3,5,3,4,3,3,3,2,3,1,4,8,4,7,4,6,4,5,4,4,4,3,4,2,4,1,5,8,5,7,5,6,5,5,5,4,5,3,5,2,5,1,6,8,6,7,6,6,6,5,6,4,6,3,6,2,6,1,7,8,7,7,7,6,7,5,7,4,7,3,7,2,7,1,8,8,8,7,8,6,8,5,8,4,8,3,8,2,8,1,9,8,9,7,9,6,9,5,9,4,9,3,9,2,9,1,10,8,10,7,10,6,10,5,10,4,10,3,10,2,10,1,11,8,11,7,11,6,11,5,11,4,11,3,11,2,11,1,12,8,12,7,12,6,12,5,12,4,12,3,12,2,12,1
133,133,,1,8,1,7,1,6,1,5,1,4,1,3,1,2,1,1,2,8,2,7,2,6,2,5,2,4,2,3,2,2,2,1,3,8,3,7,3,6,3,5,3,4,3,3,3,2,3,1,4,8,4,7,4,6,4,5,4,4,4,3,4,2,4,1,5,8,5,7,5,6,5,5,5,4,5,3,5,2,5,1,6,8,6,7,6,6,6,5,6,4,6,3,6,2,6,1,7,8,7,7,7,6,7,5,7,4,7,3,7,2,7,1,8,8,8,7,8,6,8,5,8,4,8,3,8,2,8,1,9,8,9,7,9,6,9,5,9,4,9,3,9,2,9,1,10,8,10,7,10,6,10,5,10,4,10,3,10,2,10,1,11,8,11,7,11,6,11,5,11,4,11,3,11,2,11,1,12,8,12,7,12,6,12,5,12,4,12,3,12,2,12,1
134,134,,1,8,1,7,1,6,1,5,1,4,1,3,1,2,1,1,2,8,2,7,2,6,2,5,2,4,2,3,2,2,2,1,3,8,3,7,3,6,3,5,3,4,3,3,3,2,3,1,4,8,4,7,4,6,4,5,4,4,4,3,4,2,4,1,5,8,5,7,5,6,5,5,5,4,5,3,5,2,5,1,6,8,6,7,6,6,6,5,6,4,6,3,6,2,6,1,7,8,7,7,7,6,7,5,7,4,7,3,7,2,7,1,8,8,8,7,8,6,8,5,8,4,8,3,8,2,8,1,9,8,9,7,9,6,9,5,9,4,9,3,9,2,9,1,10,8,10,7,10,6,10,5,10,4,10,3,10,2,10,1,11,8,11,7,11,6,11,5,11,4,11,3,11,2,11,1,12,8,12,7,12,6,12,5,12,4,12,3,12,2,12,1
135,135,,1,8,1,7,1,6,1,5,1,4,1,3,1,2,1,1,2,8,2,7,2,6,2,5,2,4,2,3,2,2,2,1,3,8,3,7,3,6,3,5,3,4,3,3,3,2,3,1,4,8,4,7,4,6,4,5,4,4,4,3,4,2,4,1,5,8,5,7,5,6,5,5,5,4,5,3,5,2,5,1,6,8,6,7,6,6,6,5,6,4,6,3,6,2,6,1,7,8,7,7,7,6,7,5,7,4,7,3,7,2,7,1,8,8,8,7,8,6,8,5,8,4,8,3,8,2,8,1,9,8,9,7,9,6,9,5,9,4,9,3,9,2,9,1,10,8,10,7,10,6,10,5,10,4,10,3,10,2,10,1,11,8,11,7,11,6,11,5,11,4,11,3,11,2,11,1,12,8,12,7,12,6,12,5,12,4,12,3,12,2,12,1
136,136,,1,8,1,7,1,6,1,5,1,4,1,3,1,2,1,1,2,8,2,7,2,6,2,5,2,4,2,3,2,2,2,1,3,8,3,7,3,6,3,5,3,4,3,3,3,2,3,1,4,8,4,7,4,6,4,5,4,4,4,3,4,2,4,1,5,8,5,7,5,6,5,5,5,4,5,3,5,2,5,1,6,8,6,7,6,6,6,5,6,4,6,3,6,2,6,1,7,8,7,7,7,6,7,5,7,4,7,3,7,2,7,1,8,8,8,7,8,6,8,5,8,4,8,3,8,2,8,1,9,8,9,7,9,6,9,5,9,4,9,3,9,2,9,1,10,8,10,7,10,6,10,5,10,4,10,3,10,2,10,1,11,8,11,7,11,6,11,5,11,4,11,3,11,2,11,1,12,8,12,7,12,6,12,5,12,4,12,3,12,2,12,1
137,137,,1,8,1,7,1,6,1,5,1,4,1,3,1,2,1,1,2,8,2,7,2,6,2,5,2,4,2,3,2,2,2,1,3,8,3,7,3,6,3,5,3,4,3,3,3,2,3,1,4,8,4,7,4,6,4,5,4,4,4,3,4,2,4,1,5,8,5,7,5,6,5,5,5,4,5,3,5,2,5,1,6,8,6,7,6,6,6,5,6,4,6,3,6,2,6,1,7,8,7,7,7,6,7,5,7,4,7,3,7,2,7,1,8,8,8,7,8,6,8,5,8,4,8,3,8,2,8,1,9,8,9,7,9,6,9,5,9,4,9,3,9,2,9,1,10,8,10,7,10,6,10,5,10,4,10,3,10,2,10,1,11,8,11,7,11,6,11,5,11,4,11,3,11,2,11,1,12,8,12,7,12,6,12,5,12,4,12,3,12,2,12,1
138,138,,1,8,1,7,1,6,1,5,1,4,1,3,1,2,1,1,2,8,2,7,2,6,2,5,2,4,2,3,2,2,2,1,3,8,3,7,3,6,3,5,3,4,3,3,3,2,3,1,4,8,4,7,4,6,4,5,4,4,4,3,4,2,4,1,5,8,5,7,5,6,5,5,5,4,5,3,5,2,5,1,6,8,6,7,6,6,6,5,6,4,6,3,6,2,6,1,7,8,7,7,7,6,7,5,7,4,7,3,7,2,7,1,8,8,8,7,8,6,8,5,8,4,8,3,8,2,8,1,9,8,9,7,9,6,9,5,9,4,9,3,9,2,9,1,10,8,10,7,10,6,10,5,10,4,10,3,10,2,10,1,11,8,11,7,11,6,11,5,11,4,11,3,11,2,11,1,12,8,12,7,12,6,12,5,12,4,12,3,12,2,12,1
139,139,,1,8,1,7,1,6,1,5,1,4,1,3,1,2,1,1,2,8,2,7,2,6,2,5,2,4,2,3,2,2,2,1,3,8,3,7,3,6,3,5,3,4,3,3,3,2,3,1,4,8,4,7,4,6,4,5,4,4,4,3,4,2,4,1,5,8,5,7,5,6,5,5,5,4,5,3,5,2,5,1,6,8,6,7,6,6,6,5,6,4,6,3,6,2,6,1,7,8,7,7,7,6,7,5,7,4,7,3,7,2,7,1,8,8,8,7,8,6,8,5,8,4,8,3,8,2,8,1,9,8,9,7,9,6,9,5,9,4,9,3,9,2,9,1,10,8,10,7,10,6,10,5,10,4,10,3,10,2,10,1,11,8,11,7,11,6,11,5,11,4,11,3,11,2,11,1,12,8,12,7,12,6,12,5,12,4,12,3,12,2,12,1
140,140,,1,8,1,7,1,6,1,5,1,4,1,3,1,2,1,1,2,8,2,7,2,6,2,5,2,4,2,3,2,2,2,1,3,8,3,7,3,6,3,5,3,4,3,3,3,2,3,1,4,8,4,7,4,6,4,5,4,4,4,3,4,2,4,1,5,8,5,7,5,6,5,5,5,4,5,3,5,2,5,1,6,8,6,7,6,6,6,5,6,4,6,3,6,2,6,1,7,8,7,7,7,6,7,5,7,4,7,3,7,2,7,1,8,8,8,7,8,6,8,5,8,4,8,3,8,2,8,1,9,8,9,7,9,6,9,5,9,4,9,3,9,2,9,1,10,8,10,7,10,6,10,5,10,4,10,3,10,2,10,1,11,8,11,7,11,6,11,5,11,4,11,3,11,2,11,1,12,8,12,7,12,6,12,5,12,4,12,3,12,2,12,1
141,141,,1,8,1,7,1,6,1,5,1,4,1,3,1,2,1,1,2,8,2,7,2,6,2,5,2,4,2,3,2,2,2,1,3,8,3,7,3,6,3,5,3,4,3,3,3,2,3,1,4,8,4,7,4,6,4,5,4,4,4,3,4,2,4,1,5,8,5,7,5,6,5,5,5,4,5,3,5,2,5,1,6,8,6,7,6,6,6,5,6,4,6,3,6,2,6,1,7,8,7,7,7,6,7,5,7,4,7,3,7,2,7,1,8,8,8,7,8,6,8,5,8,4,8,3,8,2,8,1,9,8,9,7,9,6,9,5,9,4,9,3,9,2,9,1,10,8,10,7,10,6,10,5,10,4,10,3,10,2,10,1,11,8,11,7,11,6,11,5,11,4,11,3,11,2,11,1,12,8,12,7,12,6,12,5,12,4,12,3,12,2,12,1
142,142,,1,8,1,7,1,6,1,5,1,4,1,3,1,2,1,1,2,8,2,7,2,6,2,5,2,4,2,3,2,2,2,1,3,8,3,7,3,6,3,5,3,4,3,3,3,2,3,1,4,8,4,7,4,6,4,5,4,4,4,3,4,2,4,1,5,8,5,7,5,6,5,5,5,4,5,3,5,2,5,1,6,8,6,7,6,6,6,5,6,4,6,3,6,2,6,1,7,8,7,7,7,6,7,5,7,4,7,3,7,2,7,1,8,8,8,7,8,6,8,5,8,4,8,3,8,2,8,1,9,8,9,7,9,6,9,5,9,4,9,3,9,2,9,1,10,8,10,7,10,6,10,5,10,4,10,3,10,2,10,1,11,8,11,7,11,6,11,5,11,4,11,3,11,2,11,1,12,8,12,7,12,6,12,5,12,4,12,3,12,2,12,1
143,143,,1,8,1,7,1,6,1,5,1,4,1,3,1,2,1,1,2,8,2,7,2,6,2,5,2,4,2,3,2,2,2,1,3,8,3,7,3,6,3,5,3,4,3,3,3,2,3,1,4,8,4,7,4,6,4,5,4,4,4,3,4,2,4,1,5,8,5,7,5,6,5,5,5,4,5,3,5,2,5,1,6,8,6,7,6,6,6,5,6,4,6,3,6,2,6,1,7,8,7,7,7,6,7,5,7,4,7,3,7,2,7,1,8,8,8,7,8,6,8,5,8,4,8,3,8,2,8,1,9,8,9,7,9,6,9,5,9,4,9,3,9,2,9,1,10,8,10,7,10,6,10,5,10,4,10,3,10,2,10,1,11,8,11,7,11,6,11,5,11,4,11,3,11,2,11,1,12,8,12,7,12,6,12,5,12,4,12,3,12,2,12,1
144,144,,1,8,1,7,1,6,1,5,1,4,1,3,1,2,1,1,2,8,2,7,2,6,2,5,2,4,2,3,2,2,2,1,3,8,3,7,3,6,3,5,3,4,3,3,3,2,3,1,4,8,4,7,4,6,4,5,4,4,4,3,4,2,4,1,5,8,5,7,5,6,5,5,5,4,5,3,5,2,5,1,6,8,6,7,6,6,6,5,6,4,6,3,6,2,6,1,7,8,7,7,7,6,7,5,7,4,7,3,7,2,7,1,8,8,8,7,8,6,8,5,8,4,8,3,8,2,8,1,9,8,9,7,9,6,9,5,9,4,9,3,9,2,9,1,10,8,10,7,10,6,10,5,10,4,10,3,10,2,10,1,11,8,11,7,11,6,11,5,11,4,11,3,11,2,11,1,12,8,12,7,12,6,12,5,12,4,12,3,12,2,12,1
145,145,,1,8,1,7,1,6,1,5,1,4,1,3,1,2,1,1,2,8,2,7,2,6,2,5,2,4,2,3,2,2,2,1,3,8,3,7,3,6,3,5,3,4,3,3,3,2,3,1,4,8,4,7,4,6,4,5,4,4,4,3,4,2,4,1,5,8,5,7,5,6,5,5,5,4,5,3,5,2,5,1,6,8,6,7,6,6,6,5,6,4,6,3,6,2,6,1,7,8,7,7,7,6,7,5,7,4,7,3,7,2,7,1,8,8,8,7,8,6,8,5,8,4,8,3,8,2,8,1,9,8,9,7,9,6,9,5,9,4,9,3,9,2,9,1,10,8,10,7,10,6,10,5,10,4,10,3,10,2,10,1,11,8,11,7,11,6,11,5,11,4,11,3,11,2,11,1,12,8,12,7,12,6,12,5,12,4,12,3,12,2,12,1
146,146,,1,8,1,7,1,6,1,5,1,4,1,3,1,2,1,1,2,8,2,7,2,6,2,5,2,4,2,3,2,2,2,1,3,8,3,7,3,6,3,5,3,4,3,3,3,2,3,1,4,8,4,7,4,6,4,5,4,4,4,3,4,2,4,1,5,8,5,7,5,6,5,5,5,4,5,3,5,2,5,1,6,8,6,7,6,6,6,5,6,4,6,3,6,2,6,1,7,8,7,7,7,6,7,5,7,4,7,3,7,2,7,1,8,8,8,7,8,6,8,5,8,4,8,3,8,2,8,1,9,8,9,7,9,6,9,5,9,4,9,3,9,2,9,1,10,8,10,7,10,6,10,5,10,4,10,3,10,2,10,1,11,8,11,7,11,6,11,5,11,4,11,3,11,2,11,1,12,8,12,7,12,6,12,5,12,4,12,3,12,2,12,1
147,147,,1,8,1,7,1,6,1,5,1,4,1,3,1,2,1,1,2,8,2,7,2,6,2,5,2,4,2,3,2,2,2,1,3,8,3,7,3,6,3,5,3,4,3,3,3,2,3,1,4,8,4,7,4,6,4,5,4,4,4,3,4,2,4,1,5,8,5,7,5,6,5,5,5,4,5,3,5,2,5,1,6,8,6,7,6,6,6,5,6,4,6,3,6,2,6,1,7,8,7,7,7,6,7,5,7,4,7,3,7,2,7,1,8,8,8,7,8,6,8,5,8,4,8,3,8,2,8,1,9,8,9,7,9,6,9,5,9,4,9,3,9,2,9,1,10,8,10,7,10,6,10,5,10,4,10,3,10,2,10,1,11,8,11,7,11,6,11,5,11,4,11,3,11,2,11,1,12,8,12,7,12,6,12,5,12,4,12,3,12,2,12,1
148,148,,1,8,1,7,1,6,1,5,1,4,1,3,1,2,1,1,2,8,2,7,2,6,2,5,2,4,2,3,2,2,2,1,3,8,3,7,3,6,3,5,3,4,3,3,3,2,3,1,4,8,4,7,4,6,4,5,4,4,4,3,4,2,4,1,5,8,5,7,5,6,5,5,5,4,5,3,5,2,5,1,6,8,6,7,6,6,6,5,6,4,6,3,6,2,6,1,7,8,7,7,7,6,7,5,7,4,7,3,7,2,7,1,8,8,8,7,8,6,8,5,8,4,8,3,8,2,8,1,9,8,9,7,9,6,9,5,9,4,9,3,9,2,9,1,10,8,10,7,10,6,10,5,10,4,10,3,10,2,10,1,11,8,11,7,11,6,11,5,11,4,11,3,11,2,11,1,12,8,12,7,12,6,12,5,12,4,12,3,12,2,12,1
149,149,,1,8,1,7,1,6,1,5,1,4,1,3,1,2,1,1,2,8,2,7,2,6,2,5,2,4,2,3,2,2,2,1,3,8,3,7,3,6,3,5,3,4,3,3,3,2,3,1,4,8,4,7,4,6,4,5,4,4,4,3,4,2,4,1,5,8,5,7,5,6,5,5,5,4,5,3,5,2,5,1,6,8,6,7,6,6,6,5,6,4,6,3,6,2,6,1,7,8,7,7,7,6,7,5,7,4,7,3,7,2,7,1,8,8,8,7,8,6,8,5,8,4,8,3,8,2,8,1,9,8,9,7,9,6,9,5,9,4,9,3,9,2,9,1,10,8,10,7,10,6,10,5,10,4,10,3,10,2,10,1,11,8,11,7,11,6,11,5,11,4,11,3,11,2,11,1,12,8,12,7,12,6,12,5,12,4,12,3,12,2,12,1
150,150,,1,8,1,7,1,6,1,5,1,4,1,3,1,2,1,1,2,8,2,7,2,6,2,5,2,4,2,3,2,2,2,1,3,8,3,7,3,6,3,5,3,4,3,3,3,2,3,1,4,8,4,7,4,6,4,5,4,4,4,3,4,2,4,1,5,8,5,7,5,6,5,5,5,4,5,3,5,2,5,1,6,8,6,7,6,6,6,5,6,4,6,3,6,2,6,1,7,8,7,7,7,6,7,5,7,4,7,3,7,2,7,1,8,8,8,7,8,6,8,5,8,4,8,3,8,2,8,1,9,8,9,7,9,6,9,5,9,4,9,3,9,2,9,1,10,8,10,7,10,6,10,5,10,4,10,3,10,2,10,1,11,8,11,7,11,6,11,5,11,4,11,3,11,2,11,1,12,8,12,7,12,6,12,5,12,4,12,3,12,2,12,1
151,151,,1,8,1,7,1,6,1,5,1,4,1,3,1,2,1,1,2,8,2,7,2,6,2,5,2,4,2,3,2,2,2,1,3,8,3,7,3,6,3,5,3,4,3,3,3,2,3,1,4,8,4,7,4,6,4,5,4,4,4,3,4,2,4,1,5,8,5,7,5,6,5,5,5,4,5,3,5,2,5,1,6,8,6,7,6,6,6,5,6,4,6,3,6,2,6,1,7,8,7,7,7,6,7,5,7,4,7,3,7,2,7,1,8,8,8,7,8,6,8,5,8,4,8,3,8,2,8,1,9,8,9,7,9,6,9,5,9,4,9,3,9,2,9,1,10,8,10,7,10,6,10,5,10,4,10,3,10,2,10,1,11,8,11,7,11,6,11,5,11,4,11,3,11,2,11,1,12,8,12,7,12,6,12,5,12,4,12,3,12,2,12,1
152,152,,1,8,1,7,1,6,1,5,1,4,1,3,1,2,1,1,2,8,2,7,2,6,2,5,2,4,2,3,2,2,2,1,3,8,3,7,3,6,3,5,3,4,3,3,3,2,3,1,4,8,4,7,4,6,4,5,4,4,4,3,4,2,4,1,5,8,5,7,5,6,5,5,5,4,5,3,5,2,5,1,6,8,6,7,6,6,6,5,6,4,6,3,6,2,6,1,7,8,7,7,7,6,7,5,7,4,7,3,7,2,7,1,8,8,8,7,8,6,8,5,8,4,8,3,8,2,8,1,9,8,9,7,9,6,9,5,9,4,9,3,9,2,9,1,10,8,10,7,10,6,10,5,10,4,10,3,10,2,10,1,11,8,11,7,11,6,11,5,11,4,11,3,11,2,11,1,12,8,12,7,12,6,12,5,12,4,12,3,12,2,12,1
153,153,,1,8,1,7,1,6,1,5,1,4,1,3,1,2,1,1,2,8,2,7,2,6,2,5,2,4,2,3,2,2,2,1,3,8,3,7,3,6,3,5,3,4,3,3,3,2,3,1,4,8,4,7,4,6,4,5,4,4,4,3,4,2,4,1,5,8,5,7,5,6,5,5,5,4,5,3,5,2,5,1,6,8,6,7,6,6,6,5,6,4,6,3,6,2,6,1,7,8,7,7,7,6,7,5,7,4,7,3,7,2,7,1,8,8,8,7,8,6,8,5,8,4,8,3,8,2,8,1,9,8,9,7,9,6,9,5,9,4,9,3,9,2,9,1,10,8,10,7,10,6,10,5,10,4,10,3,10,2,10,1,11,8,11,7,11,6,11,5,11,4,11,3,11,2,11,1,12,8,12,7,12,6,12,5,12,4,12,3,12,2,12,1
154,154,,1,8,1,7,1,6,1,5,1,4,1,3,1,2,1,1,2,8,2,7,2,6,2,5,2,4,2,3,2,2,2,1,3,8,3,7,3,6,3,5,3,4,3,3,3,2,3,1,4,8,4,7,4,6,4,5,4,4,4,3,4,2,4,1,5,8,5,7,5,6,5,5,5,4,5,3,5,2,5,1,6,8,6,7,6,6,6,5,6,4,6,3,6,2,6,1,7,8,7,7,7,6,7,5,7,4,7,3,7,2,7,1,8,8,8,7,8,6,8,5,8,4,8,3,8,2,8,1,9,8,9,7,9,6,9,5,9,4,9,3,9,2,9,1,10,8,10,7,10,6,10,5,10,4,10,3,10,2,10,1,11,8,11,7,11,6,11,5,11,4,11,3,11,2,11,1,12,8,12,7,12,6,12,5,12,4,12,3,12,2,12,1
155,155,,1,8,1,7,1,6,1,5,1,4,1,3,1,2,1,1,2,8,2,7,2,6,2,5,2,4,2,3,2,2,2,1,3,8,3,7,3,6,3,5,3,4,3,3,3,2,3,1,4,8,4,7,4,6,4,5,4,4,4,3,4,2,4,1,5,8,5,7,5,6,5,5,5,4,5,3,5,2,5,1,6,8,6,7,6,6,6,5,6,4,6,3,6,2,6,1,7,8,7,7,7,6,7,5,7,4,7,3,7,2,7,1,8,8,8,7,8,6,8,5,8,4,8,3,8,2,8,1,9,8,9,7,9,6,9,5,9,4,9,3,9,2,9,1,10,8,10,7,10,6,10,5,10,4,10,3,10,2,10,1,11,8,11,7,11,6,11,5,11,4,11,3,11,2,11,1,12,8,12,7,12,6,12,5,12,4,12,3,12,2,12,1
156,156,,1,8,1,7,1,6,1,5,1,4,1,3,1,2,1,1,2,8,2,7,2,6,2,5,2,4,2,3,2,2,2,1,3,8,3,7,3,6,3,5,3,4,3,3,3,2,3,1,4,8,4,7,4,6,4,5,4,4,4,3,4,2,4,1,5,8,5,7,5,6,5,5,5,4,5,3,5,2,5,1,6,8,6,7,6,6,6,5,6,4,6,3,6,2,6,1,7,8,7,7,7,6,7,5,7,4,7,3,7,2,7,1,8,8,8,7,8,6,8,5,8,4,8,3,8,2,8,1,9,8,9,7,9,6,9,5,9,4,9,3,9,2,9,1,10,8,10,7,10,6,10,5,10,4,10,3,10,2,10,1,11,8,11,7,11,6,11,5,11,4,11,3,11,2,11,1,12,8,12,7,12,6,12,5,12,4,12,3,12,2,12,1
157,157,,1,8,1,7,1,6,1,5,1,4,1,3,1,2,1,1,2,8,2,7,2,6,2,5,2,4,2,3,2,2,2,1,3,8,3,7,3,6,3,5,3,4,3,3,3,2,3,1,4,8,4,7,4,6,4,5,4,4,4,3,4,2,4,1,5,8,5,7,5,6,5,5,5,4,5,3,5,2,5,1,6,8,6,7,6,6,6,5,6,4,6,3,6,2,6,1,7,8,7,7,7,6,7,5,7,4,7,3,7,2,7,1,8,8,8,7,8,6,8,5,8,4,8,3,8,2,8,1,9,8,9,7,9,6,9,5,9,4,9,3,9,2,9,1,10,8,10,7,10,6,10,5,10,4,10,3,10,2,10,1,11,8,11,7,11,6,11,5,11,4,11,3,11,2,11,1,12,8,12,7,12,6,12,5,12,4,12,3,12,2,12,1
158,158,,1,8,1,7,1,6,1,5,1,4,1,3,1,2,1,1,2,8,2,7,2,6,2,5,2,4,2,3,2,2,2,1,3,8,3,7,3,6,3,5,3,4,3,3,3,2,3,1,4,8,4,7,4,6,4,5,4,4,4,3,4,2,4,1,5,8,5,7,5,6,5,5,5,4,5,3,5,2,5,1,6,8,6,7,6,6,6,5,6,4,6,3,6,2,6,1,7,8,7,7,7,6,7,5,7,4,7,3,7,2,7,1,8,8,8,7,8,6,8,5,8,4,8,3,8,2,8,1,9,8,9,7,9,6,9,5,9,4,9,3,9,2,9,1,10,8,10,7,10,6,10,5,10,4,10,3,10,2,10,1,11,8,11,7,11,6,11,5,11,4,11,3,11,2,11,1,12,8,12,7,12,6,12,5,12,4,12,3,12,2,12,1
159,159,,1,8,1,7,1,6,1,5,1,4,1,3,1,2,1,1,2,8,2,7,2,6,2,5,2,4,2,3,2,2,2,1,3,8,3,7,3,6,3,5,3,4,3,3,3,2,3,1,4,8,4,7,4,6,4,5,4,4,4,3,4,2,4,1,5,8,5,7,5,6,5,5,5,4,5,3,5,2,5,1,6,8,6,7,6,6,6,5,6,4,6,3,6,2,6,1,7,8,7,7,7,6,7,5,7,4,7,3,7,2,7,1,8,8,8,7,8,6,8,5,8,4,8,3,8,2,8,1,9,8,9,7,9,6,9,5,9,4,9,3,9,2,9,1,10,8,10,7,10,6,10,5,10,4,10,3,10,2,10,1,11,8,11,7,11,6,11,5,11,4,11,3,11,2,11,1,12,8,12,7,12,6,12,5,12,4,12,3,12,2,12,1
160,160,,1,8,1,7,1,6,1,5,1,4,1,3,1,2,1,1,2,8,2,7,2,6,2,5,2,4,2,3,2,2,2,1,3,8,3,7,3,6,3,5,3,4,3,3,3,2,3,1,4,8,4,7,4,6,4,5,4,4,4,3,4,2,4,1,5,8,5,7,5,6,5,5,5,4,5,3,5,2,5,1,6,8,6,7,6,6,6,5,6,4,6,3,6,2,6,1,7,8,7,7,7,6,7,5,7,4,7,3,7,2,7,1,8,8,8,7,8,6,8,5,8,4,8,3,8,2,8,1,9,8,9,7,9,6,9,5,9,4,9,3,9,2,9,1,10,8,10,7,10,6,10,5,10,4,10,3,10,2,10,1,11,8,11,7,11,6,11,5,11,4,11,3,11,2,11,1,12,8,12,7,12,6,12,5,12,4,12,3,12,2,12,1
161,161,,1,8,1,7,1,6,1,5,1,4,1,3,1,2,1,1,2,8,2,7,2,6,2,5,2,4,2,3,2,2,2,1,3,8,3,7,3,6,3,5,3,4,3,3,3,2,3,1,4,8,4,7,4,6,4,5,4,4,4,3,4,2,4,1,5,8,5,7,5,6,5,5,5,4,5,3,5,2,5,1,6,8,6,7,6,6,6,5,6,4,6,3,6,2,6,1,7,8,7,7,7,6,7,5,7,4,7,3,7,2,7,1,8,8,8,7,8,6,8,5,8,4,8,3,8,2,8,1,9,8,9,7,9,6,9,5,9,4,9,3,9,2,9,1,10,8,10,7,10,6,10,5,10,4,10,3,10,2,10,1,11,8,11,7,11,6,11,5,11,4,11,3,11,2,11,1,12,8,12,7,12,6,12,5,12,4,12,3,12,2,12,1
162,162,,1,8,1,7,1,6,1,5,1,4,1,3,1,2,1,1,2,8,2,7,2,6,2,5,2,4,2,3,2,2,2,1,3,8,3,7,3,6,3,5,3,4,3,3,3,2,3,1,4,8,4,7,4,6,4,5,4,4,4,3,4,2,4,1,5,8,5,7,5,6,5,5,5,4,5,3,5,2,5,1,6,8,6,7,6,6,6,5,6,4,6,3,6,2,6,1,7,8,7,7,7,6,7,5,7,4,7,3,7,2,7,1,8,8,8,7,8,6,8,5,8,4,8,3,8,2,8,1,9,8,9,7,9,6,9,5,9,4,9,3,9,2,9,1,10,8,10,7,10,6,10,5,10,4,10,3,10,2,10,1,11,8,11,7,11,6,11,5,11,4,11,3,11,2,11,1,12,8,12,7,12,6,12,5,12,4,12,3,12,2,12,1
163,163,,1,8,1,7,1,6,1,5,1,4,1,3,1,2,1,1,2,8,2,7,2,6,2,5,2,4,2,3,2,2,2,1,3,8,3,7,3,6,3,5,3,4,3,3,3,2,3,1,4,8,4,7,4,6,4,5,4,4,4,3,4,2,4,1,5,8,5,7,5,6,5,5,5,4,5,3,5,2,5,1,6,8,6,7,6,6,6,5,6,4,6,3,6,2,6,1,7,8,7,7,7,6,7,5,7,4,7,3,7,2,7,1,8,8,8,7,8,6,8,5,8,4,8,3,8,2,8,1,9,8,9,7,9,6,9,5,9,4,9,3,9,2,9,1,10,8,10,7,10,6,10,5,10,4,10,3,10,2,10,1,11,8,11,7,11,6,11,5,11,4,11,3,11,2,11,1,12,8,12,7,12,6,12,5,12,4,12,3,12,2,12,1
164,164,,1,8,1,7,1,6,1,5,1,4,1,3,1,2,1,1,2,8,2,7,2,6,2,5,2,4,2,3,2,2,2,1,3,8,3,7,3,6,3,5,3,4,3,3,3,2,3,1,4,8,4,7,4,6,4,5,4,4,4,3,4,2,4,1,5,8,5,7,5,6,5,5,5,4,5,3,5,2,5,1,6,8,6,7,6,6,6,5,6,4,6,3,6,2,6,1,7,8,7,7,7,6,7,5,7,4,7,3,7,2,7,1,8,8,8,7,8,6,8,5,8,4,8,3,8,2,8,1,9,8,9,7,9,6,9,5,9,4,9,3,9,2,9,1,10,8,10,7,10,6,10,5,10,4,10,3,10,2,10,1,11,8,11,7,11,6,11,5,11,4,11,3,11,2,11,1,12,8,12,7,12,6,12,5,12,4,12,3,12,2,12,1
165,165,,1,8,1,7,1,6,1,5,1,4,1,3,1,2,1,1,2,8,2,7,2,6,2,5,2,4,2,3,2,2,2,1,3,8,3,7,3,6,3,5,3,4,3,3,3,2,3,1,4,8,4,7,4,6,4,5,4,4,4,3,4,2,4,1,5,8,5,7,5,6,5,5,5,4,5,3,5,2,5,1,6,8,6,7,6,6,6,5,6,4,6,3,6,2,6,1,7,8,7,7,7,6,7,5,7,4,7,3,7,2,7,1,8,8,8,7,8,6,8,5,8,4,8,3,8,2,8,1,9,8,9,7,9,6,9,5,9,4,9,3,9,2,9,1,10,8,10,7,10,6,10,5,10,4,10,3,10,2,10,1,11,8,11,7,11,6,11,5,11,4,11,3,11,2,11,1,12,8,12,7,12,6,12,5,12,4,12,3,12,2,12,1
166,166,,1,8,1,7,1,6,1,5,1,4,1,3,1,2,1,1,2,8,2,7,2,6,2,5,2,4,2,3,2,2,2,1,3,8,3,7,3,6,3,5,3,4,3,3,3,2,3,1,4,8,4,7,4,6,4,5,4,4,4,3,4,2,4,1,5,8,5,7,5,6,5,5,5,4,5,3,5,2,5,1,6,8,6,7,6,6,6,5,6,4,6,3,6,2,6,1,7,8,7,7,7,6,7,5,7,4,7,3,7,2,7,1,8,8,8,7,8,6,8,5,8,4,8,3,8,2,8,1,9,8,9,7,9,6,9,5,9,4,9,3,9,2,9,1,10,8,10,7,10,6,10,5,10,4,10,3,10,2,10,1,11,8,11,7,11,6,11,5,11,4,11,3,11,2,11,1,12,8,12,7,12,6,12,5,12,4,12,3,12,2,12,1
167,167,,1,8,1,7,1,6,1,5,1,4,1,3,1,2,1,1,2,8,2,7,2,6,2,5,2,4,2,3,2,2,2,1,3,8,3,7,3,6,3,5,3,4,3,3,3,2,3,1,4,8,4,7,4,6,4,5,4,4,4,3,4,2,4,1,5,8,5,7,5,6,5,5,5,4,5,3,5,2,5,1,6,8,6,7,6,6,6,5,6,4,6,3,6,2,6,1,7,8,7,7,7,6,7,5,7,4,7,3,7,2,7,1,8,8,8,7,8,6,8,5,8,4,8,3,8,2,8,1,9,8,9,7,9,6,9,5,9,4,9,3,9,2,9,1,10,8,10,7,10,6,10,5,10,4,10,3,10,2,10,1,11,8,11,7,11,6,11,5,11,4,11,3,11,2,11,1,12,8,12,7,12,6,12,5,12,4,12,3,12,2,12,1
168,168,,1,8,1,7,1,6,1,5,1,4,1,3,1,2,1,1,2,8,2,7,2,6,2,5,2,4,2,3,2,2,2,1,3,8,3,7,3,6,3,5,3,4,3,3,3,2,3,1,4,8,4,7,4,6,4,5,4,4,4,3,4,2,4,1,5,8,5,7,5,6,5,5,5,4,5,3,5,2,5,1,6,8,6,7,6,6,6,5,6,4,6,3,6,2,6,1,7,8,7,7,7,6,7,5,7,4,7,3,7,2,7,1,8,8,8,7,8,6,8,5,8,4,8,3,8,2,8,1,9,8,9,7,9,6,9,5,9,4,9,3,9,2,9,1,10,8,10,7,10,6,10,5,10,4,10,3,10,2,10,1,11,8,11,7,11,6,11,5,11,4,11,3,11,2,11,1,12,8,12,7,12,6,12,5,12,4,12,3,12,2,12,1
