TimesH,Frame,1,2,3,4,5,6
0,0,0.0035,0.008,0.0075,0.0059,0.0137,0.0093
0.25,0.25,0.0029,0.0072,0.0072,0.0056,0.0131,0.0086
0.5,0.5,0.0025,0.0071,0.0064,0.0046,0.0116,0.0077
0.75,0.75,0.0027,0.0057,0.0058,0.0046,0.0104,0.0077
1,1,0.0033,0.0059,0.0056,0.0048,0.0105,0.0074
1.25,1.25,0.0022,0.0062,0.0055,0.004,0.0095,0.0061
1.5,1.5,0.0025,0.0052,0.0052,0.0036,0.0092,0.006
1.75,1.75,0.0026,0.0054,0.0054,0.0043,0.0088,0.0064
2,2,0.0015,0.0053,0.0042,0.0033,0.0078,0.0058
2.25,2.25,0.0022,0.0044,0.0047,0.0032,0.0075,0.0049
2.5,2.5,0.0019,0.0044,0.0045,0.003,0.0074,0.0053
2.75,2.75,0.002,0.0043,0.0042,0.0031,0.0067,0.0043
3,3,0.0017,0.0047,0.0037,0.003,0.0066,0.0047
3.25,3.25,0.0016,0.004,0.0034,0.0031,0.0059,0.0042
3.5,3.5,0.0017,0.0039,0.0031,0.0029,0.0065,0.0038
3.75,3.75,0.0019,0.0038,0.0037,0.0029,0.0064,0.0046
4,4,0.0019,0.004,0.0034,0.0032,0.0055,0.0038
4.25,4.25,0.0014,0.0041,0.0033,0.0029,0.0052,0.0036
4.5,4.5,0.0014,0.0034,0.0026,0.0028,0.0049,0.0035
4.75,4.75,0.0015,0.0034,0.0023,0.0019,0.0046,0.0032
5,5,0.0014,0.0037,0.0026,0.0025,0.0049,0.0031
5.25,5.25,0.0014,0.0032,0.0027,0.0019,0.0045,0.0032
5.5,5.5,0.0016,0.003,0.0025,0.0022,0.0044,0.0035
5.75,5.75,0.0011,0.0029,0.0022,0.002,0.0039,0.0032
6,6,0.0007,0.0022,0.0022,0.0019,0.0037,0.0027
6.25,6.25,0.0013,0.0026,0.0022,0.0017,0.0044,0.0024
6.5,6.5,0.0011,0.0024,0.002,0.0015,0.0039,0.0025
6.75,6.75,0.0011,0.002,0.0019,0.0013,0.0033,0.0026
7,7,0.0007,0.0022,0.0016,0.0013,0.0035,0.0025
7.25,7.25,0.0009,0.0018,0.0016,0.0016,0.0032,0.0025
7.51,7.51,0.0007,0.0015,0.0015,0.0011,0.0026,0.002
7.76,7.76,0.0006,0.0013,0.0013,0.0014,0.0027,0.0016
8.01,8.01,0.0005,0.0018,0.0013,0.0013,0.0024,0.0018
8.26,8.26,0.0007,0.0014,0.0018,0.0011,0.0025,0.0015
8.51,8.51,0.0006,0.0016,0.0011,0.001,0.0022,0.0014
8.76,8.76,0.0006,0.0015,0.001,0.0012,0.0022,0.0018
9.01,9.01,0.0008,0.0015,0.0011,0.0009,0.0023,0.002
9.26,9.26,0.0004,0.0014,0.0012,0.0009,0.0021,0.0017
9.51,9.51,0.0004,0.0016,0.0009,0.001,0.0017,0.0015
9.76,9.76,0.0007,0.0015,0.0011,0.0014,0.0022,0.0018
10.01,10.01,0.0006,0.0012,0.0011,0.001,0.0021,0.0014
10.26,10.26,0.0009,0.0016,0.0012,0.0009,0.0018,0.0013
10.51,10.51,0.0009,0.0018,0.0012,0.0009,0.0022,0.0014
10.76,10.76,0.0007,0.0015,0.0011,0.0011,0.002,0.0018
11.01,11.01,0.0011,0.0015,0.0011,0.0011,0.0023,0.0014
11.26,11.26,0.0009,0.0012,0.0014,0.001,0.002,0.0012
11.51,11.51,0.0007,0.0013,0.0011,0.0008,0.0024,0.0013
11.76,11.76,0.0005,0.0014,0.0009,0.001,0.0019,0.0014
12.01,12.01,0.0009,0.0011,0.0011,0.001,0.0016,0.0016
12.26,12.26,0.0005,0.0013,0.0006,0.001,0.0017,0.0017
12.51,12.51,0.0003,0.0014,0.0008,0.0011,0.0017,0.0013
12.76,12.76,0.0007,0.0011,0.0011,0.0005,0.0016,0.0011
13.01,13.01,0.0005,0.001,0.0006,0.0006,0.0013,0.0007
13.26,13.26,0.0004,0.001,0.0007,0.0004,0.0012,0.0012
13.51,13.51,0.0003,0.0011,0.0007,0.0007,0.0016,0.001
13.76,13.76,0.0006,0.001,0.001,0.0009,0.0017,0.001
14.01,14.01,0.0004,0.001,0.0009,0.001,0.0014,0.0012
14.26,14.26,0.0006,0.0008,0.0011,0.0007,0.0015,0.0012
14.51,14.51,0.0005,0.0009,0.0012,0.0009,0.0015,0.001
14.76,14.76,0.0006,0.001,0.001,0.0006,0.0015,0.0009
15.01,15.01,0.0006,0.0011,0.0007,0.0007,0.0016,0.0013
15.26,15.26,0.0005,0.0009,0.0007,0.001,0.0012,0.0017
15.51,15.51,0.0008,0.0009,0.0009,0.0009,0.0013,0.001
15.76,15.76,0.0008,0.0011,0.0007,0.0012,0.0013,0.0013
16.01,16.01,0.0008,0.0014,0.001,0.0013,0.0013,0.0012
16.26,16.26,0.0007,0.0009,0.001,0.0007,0.0015,0.001
16.51,16.51,0.0008,0.0011,0.0011,0.0008,0.0016,0.001
16.76,16.76,0.0007,0.0012,0.0008,0.0006,0.0014,0.0011
17.01,17.01,0.0002,0.0011,0.0008,0.0006,0.0012,0.0009
17.26,17.26,0.0005,0.0011,0.0007,0.0008,0.001,0.001
17.51,17.51,0.0006,0.0011,0.0008,0.0009,0.0012,0.001
17.76,17.76,0.0004,0.0012,0.0007,0.0008,0.0011,0.001
18.01,18.01,0.0008,0.0014,0.0013,0.0008,0.0017,0.001
18.26,18.26,0.0005,0.0013,0.001,0.0012,0.0015,0.0013
18.51,18.51,0.0006,0.0012,0.0008,0.0017,0.0013,0.0012
18.76,18.76,0.0007,0.001,0.0008,0.0009,0.0017,0.0009
19.01,19.01,0.0005,0.0011,0.001,0.0011,0.0016,0.0013
19.26,19.26,0.0007,0.0011,0.0014,0.0011,0.0014,0.0009
19.51,19.51,0.0006,0.001,0.0012,0.001,0.0014,0.001
19.76,19.76,0.0008,0.0015,0.0013,0.0011,0.0019,0.0014
20.01,20.01,0.0008,0.0016,0.0012,0.0011,0.0018,0.0017
20.26,20.26,0.0007,0.0012,0.0012,0.0013,0.0018,0.0013
20.51,20.51,0.0009,0.0011,0.0012,0.001,0.0021,0.001
20.76,20.76,0.0008,0.0014,0.0011,0.0013,0.002,0.0015
21.01,21.01,0.0013,0.0017,0.0016,0.0014,0.0022,0.0015
21.26,21.26,0.001,0.0019,0.0017,0.0013,0.0022,0.0016
21.51,21.51,0.001,0.0019,0.0018,0.0015,0.0022,0.0016
21.76,21.76,0.0014,0.0018,0.002,0.0016,0.0024,0.0019
22.01,22.01,0.0009,0.0017,0.0014,0.001,0.002,0.0018
22.26,22.26,0.0006,0.002,0.0012,0.0011,0.0017,0.0018
22.52,22.52,0.0009,0.0019,0.0016,0.0015,0.0017,0.002
22.77,22.77,0.001,0.002,0.0016,0.0016,0.0023,0.0019
23.02,23.02,0.0009,0.0016,0.0018,0.0015,0.0023,0.0019
23.27,23.27,0.0007,0.002,0.0018,0.0018,0.0023,0.0023
23.52,23.52,0.0011,0.0021,0.0017,0.0016,0.0027,0.002
23.77,23.77,0.0014,0.0021,0.0022,0.0018,0.0027,0.0027
24.02,24.02,0.0014,0.002,0.0018,0.0015,0.0028,0.0021
24.27,24.27,0.0015,0.002,0.0021,0.0019,0.003,0.002
24.52,24.52,0.0013,0.002,0.0017,0.0021,0.0026,0.0022
24.77,24.77,0.0011,0.0023,0.0018,0.002,0.0029,0.0022
25.02,25.02,0.0012,0.0019,0.0019,0.002,0.0034,0.0022
25.27,25.27,0.0011,0.0027,0.002,0.0023,0.003,0.0021
25.52,25.52,0.0009,0.0025,0.002,0.002,0.0024,0.0026
25.77,25.77,0.0015,0.0024,0.0023,0.0021,0.0037,0.0024
26.02,26.02,0.0014,0.0025,0.0018,0.002,0.0027,0.0025
26.27,26.27,0.0011,0.0025,0.002,0.0019,0.0029,0.0022
26.52,26.52,0.0014,0.0022,0.0022,0.002,0.0036,0.0023
26.77,26.77,0.0013,0.0025,0.0021,0.002,0.0032,0.0019
27.02,27.02,0.0013,0.0023,0.0021,0.0016,0.0036,0.0026
27.27,27.27,0.001,0.0025,0.0016,0.0021,0.003,0.0025
27.52,27.52,0.0012,0.0025,0.0019,0.0021,0.003,0.0022
27.77,27.77,0.0011,0.0026,0.0021,0.0019,0.0033,0.0021
28.02,28.02,0.001,0.0018,0.0021,0.0016,0.0028,0.0022
28.27,28.27,0.001,0.0024,0.0019,0.0019,0.003,0.0022
28.52,28.52,0.0012,0.0024,0.0021,0.0018,0.0033,0.0021
28.77,28.77,0.0013,0.0021,0.002,0.0022,0.0032,0.002
29.02,29.02,0.0011,0.002,0.0019,0.0019,0.0031,0.0021
29.27,29.27,0.0012,0.0019,0.0018,0.0021,0.0029,0.0024
29.52,29.52,0.0015,0.002,0.002,0.0023,0.0032,0.0024
29.77,29.77,0.0012,0.002,0.0013,0.0016,0.0029,0.0019
30.02,30.02,0.0018,0.0025,0.0022,0.0017,0.0028,0.0021
30.27,30.27,0.0008,0.0018,0.0016,0.0017,0.0028,0.0021
30.52,30.52,0.0011,0.0015,0.0018,0.0016,0.0024,0.0022
30.77,30.77,0.0016,0.0018,0.0019,0.0013,0.0028,0.0017
31.02,31.02,0.001,0.0019,0.0017,0.0016,0.0028,0.002
31.27,31.27,0.001,0.0019,0.0018,0.0019,0.0026,0.0021
31.52,31.52,0.001,0.002,0.0019,0.002,0.0025,0.0019
31.77,31.77,0.0006,0.0016,0.0013,0.0021,0.0025,0.0017
32.02,32.02,0.0013,0.0016,0.0013,0.0016,0.0025,0.0017
32.27,32.27,0.0005,0.0016,0.0015,0.0013,0.0022,0.0015
32.52,32.52,0.0007,0.0013,0.0015,0.0012,0.0026,0.0014
32.77,32.77,0.001,0.0015,0.0012,0.0015,0.0021,0.0015
33.02,33.02,0.0007,0.0014,0.0013,0.0012,0.002,0.0016
33.27,33.27,0.0009,0.0015,0.0015,0.0013,0.0023,0.0014
33.52,33.52,0.001,0.0012,0.0012,0.0014,0.0023,0.0016
33.77,33.77,0.0007,0.0014,0.0012,0.0014,0.0017,0.0017
34.02,34.02,0.001,0.0016,0.001,0.0012,0.0019,0.0013
34.27,34.27,0.001,0.0012,0.0012,0.0015,0.0021,0.0015
34.52,34.52,0.001,0.0015,0.0014,0.0011,0.0023,0.0017
34.77,34.77,0.001,0.0014,0.0011,0.0011,0.002,0.0013
35.02,35.02,0.0008,0.0019,0.001,0.0013,0.0022,0.0016
35.27,35.27,0.0008,0.0016,0.0013,0.0012,0.0019,0.0012
35.52,35.52,0.0009,0.0018,0.0012,0.0016,0.0017,0.0013
35.77,35.77,0.0009,0.0013,0.0012,0.0012,0.0017,0.0013
36.02,36.02,0.0007,0.0012,0.0008,0.001,0.0016,0.0013
36.27,36.27,0.0009,0.0014,0.0012,0.001,0.0018,0.001
36.52,36.52,0.0004,0.001,0.0009,0.0008,0.0015,0.0017
36.77,36.77,0.0009,0.001,0.0012,0.001,0.0017,0.0013
37.02,37.02,0.0012,0.0012,0.0011,0.0011,0.0016,0.0016
37.27,37.27,0.0006,0.0011,0.0009,0.001,0.0013,0.0025
37.53,37.53,0.0005,0.0011,0.0011,0.0008,0.0017,0.0012
37.78,37.78,0.0008,0.0015,0.0013,0.0011,0.0017,0.0014
38.03,38.03,0.0008,0.0012,0.0008,0.0008,0.0013,0.001
38.28,38.28,0.0005,0.0012,0.0011,0.0006,0.0013,0.001
38.53,38.53,0.0004,0.0012,0.0009,0.0008,0.0014,0.0009
38.78,38.78,0.0009,0.0012,0.0012,0.0009,0.0014,0.0012
39.03,39.03,0.0006,0.0011,0.0011,0.0012,0.0011,0.0013
39.28,39.28,0.0004,0.0011,0.0008,0.001,0.0014,0.0008
39.53,39.53,0.0002,0.0014,0.0007,0.001,0.001,0.0011
39.78,39.78,0.0007,0.0012,0.0011,0.0013,0.0009,0.0013
40.03,40.03,0.0008,0.0015,0.001,0.0012,0.0012,0.0017
40.28,40.28,0.0008,0.0013,0.0013,0.0011,0.0014,0.0012
40.53,40.53,0.0004,0.0009,0.001,0.0011,0.0007,0.0012
40.78,40.78,0.0005,0.0009,0.0007,0.0011,0.0007,0.001
41.03,41.03,0.0007,0.0012,0.0008,0.0008,0.0007,0.0008
41.28,41.28,0.0006,0.0009,0.0012,0.001,0.0009,0.0014
41.53,41.53,0.0006,0.0012,0.0009,0.0007,0.0005,0.0013
41.78,41.78,0.0007,0.0013,0.0012,0.0011,0.001,0.0013
42.03,42.03,0.0007,0.0011,0.001,0.001,0.0008,0.0014
42.28,42.28,0.0006,0.0014,0.0009,0.0011,0.0007,0.0014
42.53,42.53,0.0009,0.0013,0.0016,0.0012,0.001,0.0017
42.78,42.78,0.0003,0.0013,0.0007,0.0009,0.0006,0.0013
43.03,43.03,0.0006,0.0014,0.001,0.0015,0.0006,0.0014
43.28,43.28,0.0011,0.0015,0.0012,0.0013,0.0007,0.0021
43.53,43.53,0.0011,0.0017,0.0012,0.0013,0.0009,0.0016
43.78,43.78,0.0008,0.0014,0.0014,0.0014,0.0009,0.0021
44.03,44.03,0.001,0.0017,0.0014,0.0015,0.0006,0.0018
44.28,44.28,0.0007,0.0018,0.0012,0.0012,0.0003,0.0016
44.53,44.53,0.0006,0.0019,0.0012,0.0013,0.0005,0.0015
44.78,44.78,0.0009,0.0018,0.0019,0.0017,0.001,0.0018
45.03,45.03,0.0009,0.0017,0.0014,0.0013,0.0009,0.0018
45.28,45.28,0.0006,0.0014,0.0016,0.0009,0.0006,0.0016
45.53,45.53,0.0006,0.002,0.0013,0.0012,0.0005,0.0015
45.78,45.78,0.0004,0.0017,0.001,0.0014,0.0001,0.002
46.03,46.03,0.0008,0.0015,0.0015,0.0011,0.0004,0.0016
46.28,46.28,0.0013,0.002,0.0017,0.0019,0.0007,0.0022
46.53,46.53,0.001,0.0016,0.0014,0.0016,0.0004,0.0022
46.78,46.78,0.0012,0.0021,0.0016,0.0019,0.0007,0.002
47.03,47.03,0.0011,0.0021,0.0018,0.002,0.0011,0.0022
47.28,47.28,0.001,0.0017,0.0015,0.0015,0.0006,0.0026
47.53,47.53,0.0006,0.0015,0.0015,0.0015,0.0002,0.0019
47.78,47.78,0.0008,0.002,0.0012,0.0014,0.0001,0.0019
48.03,48.03,0.0009,0.0021,0.0014,0.0018,0.0004,0.0018
48.28,48.28,0.0007,0.0021,0.0016,0.0015,0.0006,0.0018
48.53,48.53,0.0008,0.0019,0.0017,0.0017,0.0001,0.0022
48.78,48.78,0.0009,0.0018,0.0013,0.0015,0.0004,0.0019
49.03,49.03,0.0012,0.0018,0.0019,0.002,0.0006,0.0025
49.28,49.28,0.0014,0.0024,0.0021,0.0019,0.0009,0.0023
49.53,49.53,0.0009,0.0022,0.0016,0.0016,0.0004,0.0021
49.78,49.78,0.0008,0.002,0.0015,0.0018,0.0005,0.0019
50.03,50.03,0.0009,0.0016,0.0016,0.0018,0.0000462,0.0024
50.28,50.28,0.0009,0.0016,0.0015,0.0013,0.0002,0.0022
50.53,50.53,0.001,0.0016,0.0018,0.0018,0.0003,0.0023
50.78,50.78,0.0009,0.0023,0.0018,0.0021,0.0004,0.0025
51.03,51.03,0.0009,0.0021,0.0014,0.0015,0.0003,0.0022
51.28,51.28,0.0013,0.0023,0.0017,0.0016,0.0005,0.0025
51.53,51.53,0.0006,0.0019,0.0014,0.0015,0.0001,0.0021
51.78,51.78,0.0011,0.0021,0.0018,0.0017,0.0004,0.0023
52.03,52.03,0.0009,0.0017,0.0016,0.0014,0.0002,0.002
52.28,52.28,0.0014,0.002,0.0017,0.0017,0.0005,0.0021
52.54,52.54,0.0006,0.0019,0.0011,0.0017,0.0001,0.0019
52.79,52.79,0.0011,0.0021,0.0019,0.0017,0.0004,0.0025
53.04,53.04,0.001,0.0015,0.0013,0.0014,0.0003,0.0018
53.29,53.29,0.0008,0.0018,0.0016,0.0019,0.0002,0.002
53.54,53.54,0.0009,0.0023,0.0016,0.0019,0.0004,0.0025
53.79,53.79,0.0008,0.0015,0.0014,0.0016,0.0001,0.002
54.04,54.04,0.0008,0.0015,0.0016,0.001,0.0004,0.0022
54.29,54.29,0.0009,0.0019,0.0017,0.0018,0.0006,0.002
54.54,54.54,0.0007,0.0015,0.0013,0.0013,0.0001,0.0025
54.79,54.79,0.0007,0.0016,0.0012,0.0014,0.0004,0.0017
55.04,55.04,0.0015,0.0014,0.0019,0.0016,0.0006,0.0021
55.29,55.29,0.0007,0.0017,0.0013,0.0014,0.0001,0.0016
55.54,55.54,0.001,0.0017,0.0011,0.0017,0.0002,0.002
55.79,55.79,0.0008,0.0015,0.0013,0.0013,0.0002,0.0017
56.04,56.04,0.0006,0.0013,0.0012,0.0017,0.0001,0.0017
56.29,56.29,0.0007,0.0015,0.0016,0.0013,0.0004,0.0019
56.54,56.54,0.0007,0.0015,0.0013,0.0014,0,0.0013
56.79,56.79,0.0009,0.001,0.0011,0.0015,0.0004,0.0015
57.04,57.04,0.0007,0.0017,0.0011,0.0012,0.0002,0.001
57.29,57.29,0.0006,0.0014,0.0012,0.0012,0,0.0015
57.54,57.54,0.001,0.0016,0.0014,0.0013,0.0004,0.0019
57.79,57.79,0.0009,0.0014,0.0009,0.0012,0.0001,0.0017
58.04,58.04,0.0007,0.0013,0.0009,0.0012,0.0004,0.0016
58.29,58.29,0.001,0.0013,0.0017,0.0012,0.0005,0.0015
58.54,58.54,0.0005,0.001,0.001,0.0009,0.0002,0.0012
58.79,58.79,0.0007,0.0011,0.0015,0.001,0.0004,0.0016
59.04,59.04,0.0011,0.0016,0.0015,0.0013,0.0004,0.0015
59.29,59.29,0.0004,0.0012,0.0009,0.001,0.0005,0.0012
59.54,59.54,0.001,0.0012,0.001,0.0014,0.0003,0.0019
59.79,59.79,0.0004,0.0011,0.0012,0.0011,0.0002,0.0012
60.04,60.04,0.0007,0.001,0.0011,0.0011,0.0003,0.0011
60.29,60.29,0.0007,0.0011,0.0011,0.0012,0.0003,0.0013
60.54,60.54,0.0009,0.0009,0.001,0.001,0.0003,0.0013
60.79,60.79,0.0007,0.0013,0.0009,0.0013,0.0002,0.0012
61.04,61.04,0.0006,0.0014,0.001,0.0013,0.0004,0.0011
61.29,61.29,0.0007,0.0009,0.0007,0.001,0.0003,0.0013
61.54,61.54,0.0005,0.001,0.0012,0.0011,0.0005,0.0012
61.79,61.79,0.0005,0.0009,0.0009,0.0011,0.0001,0.0012
62.04,62.04,0.0006,0.0011,0.001,0.001,0.0005,0.0013
62.29,62.29,0.0009,0.001,0.001,0.0009,0.0002,0.0013
62.54,62.54,0.0006,0.001,0.0008,0.001,0.0003,0.0011
62.79,62.79,0.0007,0.0012,0.001,0.0014,0.0003,0.0016
63.04,63.04,0.0003,0.001,0.0009,0.0012,0.0002,0.0012
63.29,63.29,0.0007,0.001,0.0009,0.0007,0.0005,0.0013
63.54,63.54,0.0008,0.0011,0.0013,0.0011,0.0006,0.0013
63.79,63.79,0.0003,0.0008,0.0006,0.0009,0.0002,0.0012
64.04,64.04,0.001,0.0012,0.0012,0.001,0.0006,0.0017
64.29,64.29,0.0005,0.0006,0.001,0.0007,0.0002,0.0009
64.54,64.54,0.0005,0.0012,0.0009,0.0013,0.0004,0.0015
64.79,64.79,0.0008,0.001,0.0012,0.0009,0.0004,0.0012
65.04,65.04,0.0005,0.0007,0.0009,0.001,0,0.0011
65.29,65.29,0.0006,0.001,0.0012,0.0014,0.0004,0.0014
65.54,65.54,0.0005,0.0012,0.0009,0.0007,0.0003,0.0006
65.79,65.79,0.0004,0.0012,0.0008,0.0015,0.0002,0.0013
66.04,66.04,0.0009,0.0011,0.0011,0.0011,0.0002,0.0012
66.29,66.29,0.0006,0.0009,0.001,0.0013,0.0005,0.0011
66.54,66.54,0.0006,0.0008,0.0011,0.0012,0.0000747,0.0014
66.79,66.79,0.0005,0.001,0.0013,0.0012,0.0004,0.0011
67.04,67.04,0.0008,0.0013,0.0013,0.0012,0.0005,0.001
67.29,67.29,0.0005,0.0009,0.0009,0.0012,0.0002,0.0009
67.55,67.55,0.0009,0.0012,0.001,0.0015,0.0005,0.0013
67.8,67.8,0.0003,0.001,0.0007,0.0013,0.0002,0.0008
68.05,68.05,0.0005,0.0006,0.001,0.0011,0.0003,0.0007
68.3,68.3,0.0017,0.0012,0.0012,0.0013,0.0005,0.0011
68.55,68.55,0.0006,0.0008,0.0012,0.0008,0.0003,0.0014
68.8,68.8,0.0007,0.0016,0.0008,0.0014,0.0001,0.001
69.05,69.05,0.0008,0.0014,0.0011,0.0017,0.0003,0.0013
69.3,69.3,0.0005,0.0009,0.0008,0.0009,0.0002,0.0008
69.55,69.55,0.0005,0.0013,0.0008,0.0016,0.0001,0.0016
69.8,69.8,0.0009,0.0007,0.001,0.0011,0.0000413,0.0011
70.05,70.05,0.0006,0.0012,0.0011,0.0013,0.0002,0.0013
70.3,70.3,0.0012,0.0012,0.0011,0.0017,0.0004,0.0015
70.55,70.55,0.0007,0.0006,0.0009,0.001,0.0004,0.0009
70.8,70.8,0.0007,0.0009,0.001,0.0013,0.0002,0.0012
71.05,71.05,0.0012,0.0011,0.0014,0.0014,0.0013,0.0015
71.3,71.3,0.0008,0.0015,0.001,0.0012,0.0000472,0.0011
71.55,71.55,0.0004,0.001,0.0009,0.0013,0,0.0013
71.8,71.8,0.0008,0.0008,0.0012,0.0014,0.0004,0.0011
72.05,72.05,0.0007,0.001,0.0008,0.0013,0.0000511,0.0012
72.3,72.3,0.0006,0.0011,0.0016,0.0013,0,0.0012
72.55,72.55,0.0008,0.0007,0.001,0.0012,0.0001,0.0009
72.8,72.8,0.0006,0.0007,0.0009,0.0011,0.0002,0.0014
73.05,73.05,0.001,0.0012,0.0011,0.0014,0.0004,0.0017
73.3,73.3,0.0009,0.0009,0.0008,0.0013,0.0003,0.0015
73.55,73.55,0.0008,0.0009,0.0013,0.0011,0.0000757,0.0012
73.8,73.8,0.0006,0.0009,0.0014,0.0014,0.0003,0.0011
74.05,74.05,0.0007,0.0012,0.0012,0.0014,0.0005,0.001
74.3,74.3,0.001,0.001,0.0009,0.0012,0.0002,0.0013
74.55,74.55,0.001,0.0012,0.0013,0.0015,0.0005,0.0011
74.8,74.8,0.0005,0.0009,0.0007,0.0013,0.0001,0.0009
75.05,75.05,0.0009,0.0009,0.0011,0.0013,0.0002,0.0011
75.3,75.3,0.0007,0.001,0.0011,0.0016,0.0006,0.0013
75.55,75.55,0.0011,0.0009,0.0014,0.0014,0.0004,0.001
75.8,75.8,0.0005,0.0012,0.0007,0.0014,0.0001,0.0009
76.05,76.05,0.0006,0.0014,0.0011,0.0015,0.0004,0.0012
76.3,76.3,0.0008,0.0008,0.0009,0.001,0.0002,0.0007
76.55,76.55,0.0008,0.0011,0.0012,0.0014,0.0003,0.0011
76.8,76.8,0.001,0.0007,0.0011,0.0015,0.0003,0.0012
77.05,77.05,0.0007,0.0006,0.001,0.0014,0.0002,0.0009
77.3,77.3,0.0007,0.0012,0.001,0.0015,0.0003,0.001
77.55,77.55,0.0008,0.0009,0.0006,0.0013,0.0002,0.001
77.8,77.8,0.0011,0.001,0.0011,0.0013,0.0005,0.0008
78.05,78.05,0.0006,0.0006,0.0007,0.0013,0.0003,0.001
78.3,78.3,0.0008,0.0011,0.001,0.0014,0.0003,0.0009
78.55,78.55,0.0009,0.0009,0.0009,0.0009,0.0003,0.0007
78.8,78.8,0.0009,0.0008,0.0008,0.0012,0.0002,0.001
79.05,79.05,0.0009,0.0007,0.001,0.0013,0.0004,0.0012
79.3,79.3,0.0007,0.0006,0.0007,0.0011,0.0002,0.0006
79.55,79.55,0.0012,0.001,0.001,0.0012,0.0003,0.0012
79.8,79.8,0.0006,0.0006,0.0008,0.0012,0.0000423,0.0008
80.05,80.05,0.0008,0.0008,0.0012,0.0011,0.0004,0.0009
80.3,80.3,0.0009,0.0009,0.0007,0.0012,0.0002,0.0011
80.55,80.55,0.0005,0.0007,0.0009,0.001,0.0005,0.0011
80.8,80.8,0.0008,0.0012,0.001,0.0014,0.0005,0.0008
81.05,81.05,0.0005,0.0006,0.0006,0.0012,0.0005,0.0005
81.3,81.3,0.0009,0.0009,0.001,0.0011,0.0006,0.0009
81.55,81.55,0.0007,0.0006,0.0007,0.0011,0.0002,0.0005
81.8,81.8,0.0007,0.0007,0.0007,0.0011,0.0003,0.0009
82.05,82.05,0.0009,0.0007,0.001,0.001,0.0006,0.0008
82.3,82.3,0.0004,0.0007,0.0004,0.0009,0,0.0009
82.56,82.56,0.0009,0.0008,0.0009,0.0011,0.0002,0.0008
82.81,82.81,0.0007,0.0005,0.0009,0.0008,0.0002,0.0006
83.06,83.06,0.0008,0.0007,0.0005,0.001,0.0005,0.001
83.31,83.31,0.0007,0.0009,0.0008,0.001,0.0003,0.0005
83.56,83.56,0.0006,0.0005,0.0007,0.001,0.0005,0.0007
83.81,83.81,0.0011,0.0009,0.0009,0.0011,0.0004,0.0008
84.06,84.06,0.0006,0.0005,0.0006,0.001,0.0000698,0.0008
84.31,84.31,0.0007,0.0006,0.0008,0.001,0.0004,0.0008
84.56,84.56,0.0003,0.0008,0.0009,0.0011,0.0003,0.0008
84.81,84.81,0.0005,0.0005,0.0005,0.0008,0.0004,0.0008
85.06,85.06,0.0007,0.0007,0.0011,0.001,0.0007,0.0007
85.31,85.31,0.0005,0.0005,0.0006,0.0006,0.0001,0.0003
85.56,85.56,0.0008,0.0007,0.0005,0.0011,0.0003,0.0006
85.81,85.81,0.0009,0.0007,0.0007,0.0013,0.0001,0.0004
86.06,86.06,0.0005,0.0005,0.0004,0.0008,0.0001,0.0006
86.31,86.31,0.0008,0.0006,0.0008,0.0009,0.0006,0.0007
86.56,86.56,0.0008,0.0005,0.0007,0.0007,0.0002,0.0007
86.81,86.81,0.0008,0.0008,0.0008,0.0012,0.0004,0.0009
87.06,87.06,0.0004,0.0005,0.0005,0.0006,0.0000541,0.0006
87.31,87.31,0.0007,0.0005,0.0008,0.0008,0.0006,0.0006
87.56,87.56,0.0004,0.0005,0.0005,0.0008,0.000057,0.0007
87.81,87.81,0.0006,0.0005,0.0006,0.0009,0.0004,0.0006
88.06,88.06,0.0007,0.0013,0.0009,0.0009,0.0003,0.0007
88.31,88.31,0.0006,0.0002,0.0005,0.0007,0.0004,0.0003
88.56,88.56,0.0009,0.0004,0.0007,0.0008,0.0003,0.0006
88.81,88.81,0.0009,0.0006,0.0003,0.0009,0.0003,0.0003
89.06,89.06,0.0007,0.0005,0.0004,0.0005,0.0003,0.0006
89.31,89.31,0.0007,0.0009,0.0008,0.001,0.0005,0.0007
89.56,89.56,0.0007,0.0009,0.0002,0.0008,0.0002,0.0004
89.81,89.81,0.0008,0.0006,0.0006,0.001,0.0006,0.0007
90.06,90.06,0.0006,0.0006,0.0005,0.0012,0.0004,0.0005
90.31,90.31,0.0005,0.0004,0.0004,0.0004,0.0004,0.0004
90.56,90.56,0.0006,0.0003,0.0004,0.0009,0.0002,0.0007
90.81,90.81,0.0006,0.0008,0.0005,0.001,0.0006,0.0009
91.06,91.06,0.0006,0.0003,0.0003,0.0008,0,0.0005
91.31,91.31,0.0006,0.0005,0.0001,0.0003,0.0003,0.0002
91.56,91.56,0.0006,0.0006,0.0006,0.0009,0.0002,0.0005
91.81,91.81,0.0006,0.0004,0.0006,0.0006,0.0002,0.0004
92.06,92.06,0.0007,0.0008,0.0006,0.0011,0.0002,0.0006
92.31,92.31,0.0007,0.0005,0.0008,0.0008,0.0002,0.0005
92.56,92.56,0.0007,0.0003,0.0003,0.0008,0.0001,0.0005
92.81,92.81,0.0005,0.0005,0.0002,0.0008,0.0003,0.0003
93.06,93.06,0.0008,0.001,0.0008,0.001,0.0005,0.0002
93.31,93.31,0.0004,0.0001,0.0002,0.0009,0.0003,0.0002
93.56,93.56,0.0008,0.0004,0.0006,0.0006,0.0003,0.0002
93.81,93.81,0.001,0.0005,0.0005,0.0012,0.0004,0.0008
94.06,94.06,0.0008,0.0002,0.0003,0.0009,0.0002,0.0004
94.31,94.31,0.0008,0.0002,0.0005,0.0005,0.0000904,0.0003
94.56,94.56,0.0008,0.0003,0.0006,0.0011,0.0005,0.0005
94.81,94.81,0.0009,0.0006,0.0004,0.001,0.0003,0.0005
95.06,95.06,0.0003,0.0006,0.0003,0.0006,0,0.0002
95.31,95.31,0.0007,0.0004,0.0006,0.0008,0.0005,0.0006
95.56,95.56,0.0008,0.0008,0.0006,0.0011,0.0003,0.0007
95.81,95.81,0.0011,0.0004,0.0003,0.0008,0.0002,0.0004
96.06,96.06,0.0012,0.0003,0.0003,0.0005,0.0000698,0.0002
96.31,96.31,0.0006,0.0003,0.0002,0.0008,0.0001,0.0004
96.56,96.56,0.0011,0.0004,0.0006,0.0006,0.0004,0.0005
96.81,96.81,0.001,0.0004,0.0006,0.0006,0.0002,0.0003
97.06,97.06,0.0006,0.0003,0.0005,0.0011,0.0005,0.0001
97.31,97.31,0.0012,0.0004,0.0007,0.0009,0.0004,0.0007
97.56,97.56,0.0009,0.0002,0.0004,0.0009,0.0003,0.0002
97.82,97.82,0.0003,0.0003,0.0000619,0.0009,0.0003,0.0003
98.07,98.07,0.0014,0.0002,0.0007,0.0009,0.0005,0.0004
98.32,98.32,0.0011,0.0005,0.0004,0.0009,0.0005,0.0003
98.57,98.57,0.0006,0.0000855,0.0005,0.0005,0.0005,0.0001
98.82,98.82,0.0011,0.0005,0.0006,0.0008,0.0006,0.0005
99.07,99.07,0.0008,0.0002,0.0004,0.0007,0.0002,0.0004
99.32,99.32,0.0005,0.0006,0.0003,0.0007,0.0002,0.0004
99.57,99.57,0.0011,0.0005,0.0006,0.0009,0.0007,0.0004
99.82,99.82,0.0008,0.0002,0.0003,0.0005,0.0008,0
100.07,100.07,0.0006,0.0004,0.0006,0.0005,0.0003,0.0003
100.32,100.32,0.0011,0.0006,0.0005,0.001,0.0003,0.0004
100.57,100.57,0.0005,0.0003,0.0005,0.0008,0.0003,0.0003
100.82,100.82,0.0006,0.0003,0.0005,0.001,0.0006,0.0004
101.07,101.07,0.0009,0.0006,0.0004,0.0011,0.0003,0.0005
101.32,101.32,0.0006,0.0002,0.0002,0.0006,0.0003,0.0000462
101.57,101.57,0.0011,0.0006,0.0002,0.001,0.0003,0.0004
101.82,101.82,0.0008,0.0002,0.0007,0.0007,0.0003,0.0004
102.07,102.07,0.0006,0.0006,0.0002,0.0004,0,0.0003
102.32,102.32,0.001,0.0004,0.0004,0.0012,0.0002,0.0006
102.57,102.57,0.0007,0.0007,0.0002,0.0008,0.0003,0.0002
102.82,102.82,0.0005,0.0003,0.0000501,0.0006,0.0000167,0.0005
103.07,103.07,0.0011,0.0005,0.0005,0.0009,0.0003,0.0007
103.32,103.32,0.0007,0.0004,0.0001,0.0006,0,0
103.57,103.57,0.0002,0.0003,0.0001,0.0005,0.0003,0.0002
103.82,103.82,0.0009,0.0002,0.0006,0.0008,0.0006,0.0006
104.07,104.07,0.0007,0.0000629,0.0004,0.0002,0.0002,0.0006
104.32,104.32,0.0005,0.0000305,0.0000875,0.0009,0.0000845,0.0004
104.57,104.57,0.0009,0.0006,0.0009,0.001,0.0004,0.0008
104.82,104.82,0.0008,0.0001,0.0005,0.0005,0.0003,0.0000285
105.07,105.07,0.0007,0.0006,0.0005,0.0008,0.0003,0.0004
105.32,105.32,0.0009,0.0006,0.0005,0.001,0.0005,0.0004
105.57,105.57,0.0006,0.0003,0.0001,0.0004,0.0002,0.0001
105.82,105.82,0.0005,0.0007,0.0007,0.0009,0.0003,0.0004
106.07,106.07,0.0007,0.0002,0.0005,0.0005,0.0003,0.0001
106.32,106.32,0.0006,0.0005,0.0003,0.0005,0.0003,0.0001
106.57,106.57,0.0006,0.0005,0.0002,0.0011,0.0003,0.0005
106.82,106.82,0.0007,0.0004,0.0003,0.0004,0.0003,0.0002
107.07,107.07,0.0006,0.0004,0.0003,0.0005,0.0003,0.0002
107.32,107.32,0.0007,0.0005,0.0003,0.0008,0.0003,0.0005
107.57,107.57,0.0007,0.0003,0.0002,0.0007,0,0.00000885
107.82,107.82,0.0006,0.0002,0.0002,0.0004,0.0004,0.0003
108.07,108.07,0.0009,0.0009,0.0005,0.0006,0.0004,0.0006
108.32,108.32,0.0005,0.0002,0.0000737,0.0006,0.0002,0.0003
108.57,108.57,0.0009,0.0002,0.0004,0.0007,0.0002,0.0004
108.82,108.82,0.0007,0.0006,0.0003,0.0009,0.0004,0.0004
109.07,109.07,0.0003,0.0001,0.0000334,0.0004,0.0003,0
109.32,109.32,0.0008,0.0003,0.0005,0.0007,0.0003,0.0005
109.57,109.57,0.0008,0.0007,0.0004,0.0009,0.0005,0.0005
109.82,109.82,0.0006,0.0000806,0.0003,0.0001,0.0004,0.0003
110.07,110.07,0.001,0.0003,0.0005,0.0005,0.0005,0.0004
110.32,110.32,0.0009,0.0004,0.0002,0.0004,0.0005,0.0003
110.57,110.57,0.0005,0.0004,0.0002,0.0007,0.0002,0.0005
110.82,110.82,0.0007,0.0003,0.0004,0.0008,0.0006,0.0004
111.07,111.07,0.0007,0.0005,0.0005,0.0006,0.0005,0.0000482
111.32,111.32,0.0006,0.0004,0.0004,0.0004,0.0005,0.0005
111.57,111.57,0.0007,0.0006,0.0007,0.0006,0.0005,0.0004
111.82,111.82,0.0005,0.0003,0.0003,0.0002,0.0003,0
112.07,112.07,0.0005,0.0003,0.0006,0.0007,0.0002,0.0003
112.32,112.32,0.0008,0.0006,0.0005,0.0005,0.0004,0.0004
112.57,112.57,0.0004,0.0002,0.0000619,0.0004,0.0001,0.0003
112.83,112.83,0.0011,0.0006,0.0002,0.0007,0.0005,0.0005
113.08,113.08,0.0006,0.0004,0.0007,0.0005,0.0000934,0.0002
113.33,113.33,0.0004,0.0004,0,0.0004,0.0001,0.0001
113.58,113.58,0.0009,0.0000885,0.0002,0.0004,0.0001,0.0008
113.83,113.83,0.0008,0.0002,0.0005,0.0002,0.0007,0.0004
114.08,114.08,0.0008,0.0003,0.0007,0.0004,0.0006,0.0004
114.33,114.33,0.0007,0.0003,0.0002,0.0002,0.0003,0.0003
114.58,114.58,0.0009,0.0004,0.0004,0.0005,0.0003,0.0005
114.83,114.83,0.0004,0.0003,0.0002,0.0006,0.000058,0.0004
115.08,115.08,0.0007,0.0001,0.0003,0.0002,0.0004,0.0004
115.33,115.33,0.001,0.0003,0.0006,0.0006,0.0005,0.0005
115.58,115.58,0.0006,0.0003,0.0002,0.0002,0.0001,0.0002
115.83,115.83,0.0008,0.0000688,0.0004,0.0004,0.0002,0.0004
116.08,116.08,0.0009,0.0006,0.0004,0.0008,0.0004,0.0005
116.33,116.33,0.0008,0.0007,0.0007,0.0006,0.0004,0.0004
116.58,116.58,0.0009,0.0000128,0.0004,0.0002,0.0001,0.0003
116.83,116.83,0.0004,0.0002,0,0.0002,0.0001,0.0002
117.08,117.08,0.0006,0.0007,0.0007,0.0003,0.0004,0.0002
117.33,117.33,0.001,0.0002,0.0007,0.0004,0.0003,0.0003
117.58,117.58,0.0008,0.0004,0.0004,0.0003,0.0003,0.0003
117.83,117.83,0.0011,0.0005,0.0006,0.0006,0.0005,0.0006
118.08,118.08,0.0017,0.0007,0.0005,0.0009,0.001,0.0006
118.33,118.33,0.0009,0.0007,0.0008,0.0005,0.0012,0.0005
118.58,118.58,0.0008,0.0006,0.0005,0.0007,0.0005,0.0004
118.83,118.83,0.001,0.0003,0.0005,0.0004,0.0003,0.0004
119.08,119.08,0.001,0.0003,0.0004,0.0002,0.0003,0.0001
119.33,119.33,0.001,0.0005,0.0004,0.0006,0.0005,0.0004
119.58,119.58,0.001,0.0008,0.0005,0.0006,0.0005,0.0003
119.83,119.83,0.0006,0.0002,0.0000462,0,0.0000374,0.0001
120.08,120.08,0.0007,0,0.0005,0.0004,0.0005,0.0000059
120.33,120.33,0.0007,0.0002,0.0003,0.0001,0.0002,0.0003
120.58,120.58,0.001,0.0004,0.0004,0.0005,0.0005,0.0004
120.83,120.83,0.001,0.0001,0.0003,0.0003,0.0002,0.0003
121.08,121.08,0.0008,0.0003,0.0003,0.0002,0.0004,0.0003
121.33,121.33,0.0006,0.0002,0.0002,0.0004,0.0003,0.0003
121.58,121.58,0.0007,0.0005,0.0003,0.0004,0.0001,0.0002
121.83,121.83,0.001,0.0005,0.0002,0.0006,0.0001,0.0007
122.08,122.08,0.0007,0.0003,0.0002,0.0002,0.0001,0.0002
122.33,122.33,0.0004,0.0004,0.0000944,0.0003,0.0001,0.0003
122.58,122.58,0.0009,0.0003,0.0006,0.0003,0.0005,0.0004
122.83,122.83,0.0005,0.0002,0.0004,0,0.0003,0
123.08,123.08,0.0009,0.0002,0.0004,0.0002,0.0004,0.0005
123.33,123.33,0.0006,0,0.0003,0.0003,0.0005,0.0002
123.58,123.58,0.0009,0.0001,0.0005,0.0002,0.0005,0.0004
123.83,123.83,0.001,0.0003,0.0003,0.0004,0.0003,0.0002
124.08,124.08,0.001,0.0002,0.0005,0.0002,0.0004,0.0002
124.33,124.33,0.0007,0.0002,0.0005,0.0000737,0.0003,0
124.58,124.58,0.0009,0.0005,0.0004,0.0005,0.0002,0.0005
124.83,124.83,0.0011,0.0006,0.0003,0.0005,0.0003,0.0003
125.08,125.08,0.0009,0.0000452,0.0003,0.0003,0.0004,0.0005
125.33,125.33,0.0009,0.0004,0.0006,0.0004,0.0007,0.0004
125.58,125.58,0.0009,0.0000472,0.0001,0.0000157,0.0001,0.0003
125.83,125.83,0.0009,0.0005,0.0002,0.0004,0.0004,0.0006
126.08,126.08,0.0007,0.0003,0.0002,0.0003,0.0002,0.0003
126.33,126.33,0.0008,0.0002,0.0003,0.0002,0.0004,0.0002
126.58,126.58,0.001,0.0002,0.0003,0.0002,0.0005,0.0004
126.83,126.83,0.0007,0.0003,0.0003,0.0005,0.0002,0.0005
127.08,127.08,0.0012,0.0005,0.0006,0.0004,0.0005,0.0005
127.33,127.33,0.0007,0.0003,0.0002,0,0.0003,0.0002
127.58,127.58,0.0008,0.0005,0.0003,0.0004,0.0003,0.0005
127.84,127.84,0.001,0.0000118,0.0000826,0.0000796,0.0005,0.0002
128.09,128.09,0.0009,0.0003,0.0005,0.0006,0.0004,0.0003
128.34,128.34,0.0005,0.0003,0.0000521,0.0000963,0.0000924,0.0002
128.59,128.59,0.0007,0.0006,0.0003,0.0003,0.0004,0.0004
128.84,128.84,0.0007,0.0003,0,0.0003,0.0001,0.0003
129.09,129.09,0.0006,0.0005,0.0003,0.0004,0.0005,0.0001
129.34,129.34,0.0009,0.0002,0.0004,0.0004,0.0003,0.0002
129.59,129.59,0.0007,0.0003,0.0001,0.0003,0.0003,0.0004
129.84,129.84,0.0007,0.0007,0.0005,0.0006,0.0004,0.0004
130.09,130.09,0.0005,0,0.0001,0.0001,0.0000668,0.0000167
130.34,130.34,0.0008,0.0003,0.0005,0.0004,0.0004,0.0007
130.59,130.59,0.001,0.0004,0.0003,0.0000777,0.0004,0.0002
130.84,130.84,0.0006,0.0001,0.0005,0.0002,0.0005,0.0002
131.09,131.09,0.0007,0.0005,0.0004,0.0003,0.0005,0.0002
131.34,131.34,0.0002,0.0004,0.0000128,0.0003,0.0000118,0.0002
131.59,131.59,0.001,0.0004,0.0002,0.0005,0.0003,0.0004
131.84,131.84,0.0006,0.0001,0.0000904,0,0.0003,0
132.09,132.09,0.0006,0.0005,0.0005,0.0004,0.0003,0.0006
132.34,132.34,0.0009,0.0002,0.0002,0.0003,0,0.0004
132.59,132.59,0.0007,0.0000393,0.0002,0.0003,0.0003,0.0003
132.84,132.84,0.0012,0.0004,0.0005,0.0003,0.0005,0.0003
133.09,133.09,0.0005,0.0000609,0.0000295,0.0003,0.0000334,0.0002
133.34,133.34,0.0006,0.0007,0.0004,0.0008,0.0005,0.0007
133.59,133.59,0.0007,0.0003,0.0002,0.0002,0.0002,0.0000816
133.84,133.84,0.0007,0.0004,0.0003,0.0002,0.0005,0.0002
134.09,134.09,0.0009,0.0006,0.0006,0.0004,0.0005,0.0007
134.34,134.34,0.0006,0,0.0004,0.0001,0.0003,0.0001
134.59,134.59,0.0007,0.0003,0.0003,0.0006,0.0003,0.0006
134.84,134.84,0.001,0.0004,0.0004,0.0005,0.0003,0.0003
135.09,135.09,0.0004,0.0004,0.0000285,0.0002,0.0002,0.0004
135.34,135.34,0.001,0.0005,0.0005,0.0005,0.0005,0.0005
135.59,135.59,0.0007,0.0002,0.0002,0.0002,0.0003,0
135.84,135.84,0.001,0.0004,0.0003,0.0004,0.0002,0.0004
136.09,136.09,0.0006,0.0005,0.0000491,0.0005,0.0003,0.0004
136.34,136.34,0.0002,0.0002,0.0002,0.0003,0.0002,0.0003
136.59,136.59,0.0006,0.0007,0.0002,0.0007,0.0004,0.0005
136.84,136.84,0.0006,0,0.0002,0.0000816,0.0000157,0.0003
137.09,137.09,0.0007,0.0006,0.0003,0.0005,0.0005,0.0002
137.34,137.34,0.0006,0.0003,0.0001,0.0001,0.0001,0.0004
137.59,137.59,0.0008,0.0001,0.0006,0.0003,0.0004,0.0002
137.84,137.84,0.001,0.0004,0.0005,0.0003,0.0005,0.0004
138.09,138.09,0.0007,0.0004,0.0001,0.0002,0.0004,0.0003
138.34,138.34,0.0009,0.0007,0.0003,0.001,0.0003,0.0005
138.59,138.59,0.0006,0.0003,0.0000845,0.0003,0.0000482,0.0001
138.84,138.84,0.0008,0.0005,0.0005,0.0004,0.0004,0.0004
139.09,139.09,0.0005,0.0003,0.000056,0.0002,0.0000374,0.0004
139.34,139.34,0.001,0.0001,0.0004,0.0003,0.0005,0.0003
139.59,139.59,0.0007,0.0003,0.0001,0.0003,0,0.0003
139.84,139.84,0.0005,0.0003,0.0001,0.0003,0,0.0002
140.09,140.09,0.0007,0.0001,0.0005,0.0002,0.0005,0.0005
140.34,140.34,0.0007,0.0005,0.0003,0.0005,0.0005,0.0002
140.59,140.59,0.0004,0.0003,0.0003,0.0000462,0,0.0004
140.84,140.84,0.0008,0.0004,0.0001,0.0005,0.0005,0.0005
141.09,141.09,0.0005,0.0003,0.0003,0.0000324,0.0002,0.0003
141.34,141.34,0.0006,0.0004,0.0005,0.00006,0.0005,0.0009
141.59,141.59,0.0009,0.0004,0.0003,0.0006,0.0003,0.0006
141.84,141.84,0.0006,0.00000197,0.0005,0.0002,0.0002,0.0001
142.09,142.09,0.0007,0.0004,0.0005,0.0003,0.0006,0.0005
142.34,142.34,0.0003,0.0001,0.0001,0.0002,0.0002,0.0001
142.59,142.59,0.0007,0.0004,0.0002,0.0005,0.0002,0.0006
142.85,142.85,0.0006,0.0003,0.0003,0.0002,0.0005,0.0002
143.1,143.1,0.0006,0.0004,0.0006,0.0003,0.0004,0.0004
143.35,143.35,0.0008,0.0002,0.0004,0.0005,0.0000973,0.0004
143.6,143.6,0.0006,0.0003,0.0002,0.0003,0.0000541,0.0001
143.85,143.85,0.0009,0.0005,0.0004,0.0005,0.0004,0.0004
144.1,144.1,0.0005,0.0003,0.0002,0.0001,0.0001,0.0000246
144.35,144.35,0.001,0.0006,0.0002,0.0006,0.0005,0.0008
144.6,144.6,0.0008,0,0.0003,0,0.0003,0
144.85,144.85,0.0005,0.0004,0.0002,0.0005,0.0004,0.0004
